2022-12-07 15:22:04,10,0.74850075,-435
2022-12-07 15:25:08,10,0.74850075,-101
2022-12-07 15:25:17,20,0.747003,-280
2022-12-07 15:26:37,10,0.74850075,-1303
2022-12-07 15:26:46,20,0.747003,-308
2022-12-07 15:26:54,30,0.74550675,-126
2022-12-07 15:27:00,40,0.744012,-233
2022-12-07 15:27:04,50,0.74251875,80
2022-12-07 15:27:11,60,0.741027,27
2022-12-07 15:27:22,70,0.73953675,-422
2022-12-07 15:27:28,80,0.7380479999999999,-635
2022-12-07 15:27:41,90,0.73656075,-365
2022-12-07 15:27:50,100,0.7350749999999999,81
2022-12-07 15:27:59,110,0.7335907500000001,-225
2022-12-07 15:28:05,120,0.732108,-206
2022-12-07 15:28:13,130,0.73062675,-18
2022-12-07 15:28:17,140,0.729147,18
2022-12-07 15:28:23,150,0.72766875,-106
2022-12-07 15:28:34,160,0.726192,-1133
2022-12-07 15:28:39,170,0.72471675,82
2022-12-07 15:28:46,180,0.723243,-212
2022-12-07 15:28:59,190,0.72177075,-252
2022-12-07 15:29:06,200,0.7202999999999999,-179
2022-12-07 15:29:12,210,0.71883075,-357
2022-12-07 15:29:21,220,0.717363,-575
2022-12-07 15:29:28,230,0.71589675,-362
2022-12-07 15:29:36,240,0.714432,84
2022-12-07 15:29:43,250,0.7129687499999999,-503
2022-12-07 15:29:55,260,0.711507,-623
2022-12-07 15:30:03,270,0.71004675,-120
2022-12-07 15:30:10,280,0.708588,74
2022-12-07 15:30:16,290,0.7071307499999999,-164
2022-12-07 15:30:19,300,0.7056749999999999,-106
2022-12-07 15:30:24,310,0.70422075,-339
2022-12-07 15:30:31,320,0.702768,-142
2022-12-07 15:30:41,330,0.7013167499999999,-294
2022-12-07 15:30:47,340,0.699867,84
2022-12-07 15:30:53,350,0.69841875,-208
2022-12-07 15:30:58,360,0.6969719999999999,73
2022-12-07 15:31:05,370,0.69552675,61
2022-12-07 15:31:07,380,0.694083,78
2022-12-07 15:31:14,390,0.6926407499999999,-140
2022-12-07 15:31:27,400,0.6912,88
2022-12-07 15:31:33,410,0.68976075,60
2022-12-07 15:31:36,420,0.6883229999999999,-53
2022-12-07 15:31:42,430,0.68688675,88
2022-12-07 15:31:49,440,0.685452,-128
2022-12-07 15:31:52,450,0.68401875,-121
2022-12-07 15:32:01,460,0.6825869999999999,-103
2022-12-07 15:32:08,470,0.68115675,-322
2022-12-07 15:32:13,480,0.6797279999999999,-150
2022-12-07 15:32:16,490,0.6783007499999999,-33
2022-12-07 15:32:21,500,0.676875,77
2022-12-07 15:32:27,510,0.6754507499999999,93
2022-12-07 15:32:34,520,0.674028,81
2022-12-07 15:32:42,530,0.6726067499999999,-271
2022-12-07 15:32:49,540,0.671187,76
2022-12-07 15:32:53,550,0.66976875,80
2022-12-07 15:32:59,560,0.668352,86
2022-12-07 15:33:05,570,0.66693675,-225
2022-12-07 15:33:12,580,0.665523,-44
2022-12-07 15:33:13,590,0.6641107500000001,81
2022-12-07 15:33:19,600,0.6627,-184
2022-12-07 15:33:25,610,0.66129075,87
2022-12-07 15:33:28,620,0.6598829999999999,75
2022-12-07 15:33:32,630,0.65847675,-181
2022-12-07 15:33:37,640,0.6570719999999999,-100
2022-12-07 15:33:41,650,0.6556687500000001,-187
2022-12-07 15:33:44,660,0.6542669999999999,37
2022-12-07 15:33:49,670,0.65286675,-5
2022-12-07 15:33:54,680,0.6514679999999999,-42
2022-12-07 15:34:01,690,0.65007075,-404
2022-12-07 15:34:05,700,0.6486749999999999,-92
2022-12-07 15:34:09,710,0.6472807500000001,-124
2022-12-07 15:34:13,720,0.645888,-167
2022-12-07 15:34:15,730,0.6444967500000001,-100
2022-12-07 15:34:25,740,0.6431070000000001,-6
2022-12-07 15:34:30,750,0.6417187500000001,51
2022-12-07 15:34:33,760,0.6403320000000001,92
2022-12-07 15:34:38,770,0.63894675,72
2022-12-07 15:34:42,780,0.6375630000000001,69
2022-12-07 15:34:45,790,0.6361807500000001,91
2022-12-07 15:34:49,800,0.6348,-110
2022-12-07 15:34:54,810,0.6334207500000001,-117
2022-12-07 15:34:59,820,0.632043,29
2022-12-07 15:35:04,830,0.63066675,-529
2022-12-07 15:35:10,840,0.629292,46
2022-12-07 15:35:15,850,0.6279187500000001,95
2022-12-07 15:35:19,860,0.626547,81
2022-12-07 15:35:22,870,0.6251767500000001,41
2022-12-07 15:35:26,880,0.623808,-49
2022-12-07 15:35:28,890,0.62244075,-120
2022-12-07 15:35:33,900,0.621075,-628
2022-12-07 15:35:34,910,0.6197107500000001,-140
2022-12-07 15:35:40,920,0.6183480000000001,20
2022-12-07 15:35:42,930,0.61698675,95
2022-12-07 15:35:45,940,0.615627,-130
2022-12-07 15:35:48,950,0.61426875,90
2022-12-07 15:35:53,960,0.612912,-5
2022-12-07 15:35:57,970,0.6115567500000001,-137
2022-12-07 15:36:03,980,0.610203,-12
2022-12-07 15:36:07,990,0.60885075,95
2022-12-07 15:36:12,1000,0.6075,81
2022-12-07 15:36:14,1010,0.6061507500000001,66
2022-12-07 15:36:17,1020,0.604803,24
2022-12-07 15:36:21,1030,0.60345675,79
2022-12-07 15:36:24,1040,0.6021120000000001,75
2022-12-07 15:36:27,1050,0.60076875,97
2022-12-07 15:36:31,1060,0.599427,95
2022-12-07 15:36:36,1070,0.59808675,-226
2022-12-07 15:36:39,1080,0.5967480000000001,-240
2022-12-07 15:36:44,1090,0.5954107500000001,-142
2022-12-07 15:36:47,1100,0.594075,94
2022-12-07 15:36:50,1110,0.59274075,85
2022-12-07 15:36:54,1120,0.591408,68
2022-12-07 15:36:58,1130,0.59007675,-182
2022-12-07 15:37:02,1140,0.588747,-9
2022-12-07 15:37:07,1150,0.5874187500000001,-9
2022-12-07 15:37:11,1160,0.5860920000000001,3
2022-12-07 15:37:15,1170,0.58476675,-293
2022-12-07 15:37:16,1180,0.583443,91
2022-12-07 15:37:20,1190,0.58212075,-51
2022-12-07 15:37:25,1200,0.5808,-67
2022-12-07 15:37:30,1210,0.57948075,-247
2022-12-07 15:37:33,1220,0.578163,87
2022-12-07 15:37:39,1230,0.57684675,84
2022-12-07 15:37:44,1240,0.5755319999999999,86
2022-12-07 15:37:48,1250,0.57421875,-254
2022-12-07 15:37:54,1260,0.572907,-134
2022-12-07 15:37:56,1270,0.57159675,-61
2022-12-07 15:37:59,1280,0.5702879999999999,80
2022-12-07 15:38:01,1290,0.56898075,-117
2022-12-07 15:38:03,1300,0.567675,20
2022-12-07 15:38:06,1310,0.5663707499999999,78
2022-12-07 15:38:10,1320,0.565068,59
2022-12-07 15:38:12,1330,0.56376675,43
2022-12-07 15:38:14,1340,0.5624669999999999,96
2022-12-07 15:38:15,1350,0.56116875,80
2022-12-07 15:38:20,1360,0.5598719999999999,79
2022-12-07 15:38:22,1370,0.5585767500000001,-73
2022-12-07 15:38:25,1380,0.557283,-38
2022-12-07 15:38:28,1390,0.55599075,72
2022-12-07 15:38:31,1400,0.5547,95
2022-12-07 15:38:34,1410,0.5534107500000001,-139
2022-12-07 15:38:37,1420,0.5521229999999999,59
2022-12-07 15:38:39,1430,0.55083675,92
2022-12-07 15:38:42,1440,0.5495519999999999,79
2022-12-07 15:38:44,1450,0.54826875,92
2022-12-07 15:38:47,1460,0.546987,89
2022-12-07 15:38:50,1470,0.5457067499999999,64
2022-12-07 15:38:55,1480,0.544428,-147
2022-12-07 15:38:57,1490,0.54315075,77
2022-12-07 15:38:59,1500,0.5418749999999999,-157
2022-12-07 15:39:01,1510,0.54060075,91
2022-12-07 15:39:05,1520,0.539328,85
2022-12-07 15:39:08,1530,0.53805675,67
2022-12-07 15:39:11,1540,0.5367869999999999,22
2022-12-07 15:39:16,1550,0.5355187499999999,-47
2022-12-07 15:39:19,1560,0.534252,88
2022-12-07 15:39:21,1570,0.53298675,89
2022-12-07 15:39:23,1580,0.531723,81
2022-12-07 15:39:26,1590,0.5304607499999999,20
2022-12-07 15:39:29,1600,0.5291999999999999,81
2022-12-07 15:39:30,1610,0.52794075,92
2022-12-07 15:39:34,1620,0.526683,87
2022-12-07 15:39:36,1630,0.52542675,66
2022-12-07 15:39:38,1640,0.524172,80
2022-12-07 15:39:43,1650,0.52291875,-110
2022-12-07 15:39:44,1660,0.521667,50
2022-12-07 15:39:46,1670,0.52041675,-120
2022-12-07 15:39:47,1680,0.519168,82
2022-12-07 15:39:50,1690,0.51792075,-72
2022-12-07 15:39:51,1700,0.516675,64
2022-12-07 15:39:55,1710,0.5154307499999999,99
2022-12-07 15:39:57,1720,0.5141880000000001,88
2022-12-07 15:39:59,1730,0.5129467499999999,-239
2022-12-07 15:40:01,1740,0.5117070000000001,78
2022-12-07 15:40:03,1750,0.5104687499999999,72
2022-12-07 15:40:08,1760,0.5092320000000001,-138
2022-12-07 15:40:10,1770,0.50799675,67
2022-12-07 15:40:15,1780,0.5067630000000001,-38
2022-12-07 15:40:18,1790,0.5055307499999999,71
2022-12-07 15:40:21,1800,0.5043000000000001,95
2022-12-07 15:40:24,1810,0.50307075,63
2022-12-07 15:40:26,1820,0.501843,-103
2022-12-07 15:40:29,1830,0.5006167499999999,-91
2022-12-07 15:40:33,1840,0.49939200000000006,73
2022-12-07 15:40:38,1850,0.49816874999999994,-166
2022-12-07 15:40:40,1860,0.496947,82
2022-12-07 15:40:41,1870,0.49572674999999994,56
2022-12-07 15:40:45,1880,0.49450800000000006,-110
2022-12-07 15:40:47,1890,0.4932907499999999,65
2022-12-07 15:40:49,1900,0.4920750000000001,-34
2022-12-07 15:40:51,1910,0.4908607499999999,94
2022-12-07 15:40:53,1920,0.4896480000000001,100
2022-12-07 15:40:54,1930,0.48843674999999986,98
2022-12-07 15:40:59,1940,0.4872270000000001,-147
2022-12-07 15:41:01,1950,0.4860187499999999,83
2022-12-07 15:41:05,1960,0.4848120000000001,-344
2022-12-07 15:41:08,1970,0.48360674999999986,26
2022-12-07 15:41:10,1980,0.4824030000000001,77
2022-12-07 15:41:13,1990,0.4812007499999999,-24
2022-12-07 15:41:14,2000,0.4800000000000001,19
2022-12-07 15:41:16,2010,0.4788007499999999,86
2022-12-07 15:41:20,2020,0.477603,-106
2022-12-07 15:41:23,2030,0.47640674999999993,64
2022-12-07 15:41:25,2040,0.4752120000000001,64
2022-12-07 15:41:29,2050,0.47401875000000004,89
2022-12-07 15:41:30,2060,0.4728270000000001,69
2022-12-07 15:41:33,2070,0.47163675000000005,66
2022-12-07 15:41:35,2080,0.47044800000000003,92
2022-12-07 15:41:36,2090,0.46926075,6
2022-12-07 15:41:38,2100,0.4680750000000001,81
2022-12-07 15:41:40,2110,0.4668907500000001,86
2022-12-07 15:41:43,2120,0.465708,96
2022-12-07 15:41:45,2130,0.46452675000000004,80
2022-12-07 15:41:48,2140,0.463347,72
2022-12-07 15:41:50,2150,0.46216875,74
2022-12-07 15:41:54,2160,0.46099200000000007,-74
2022-12-07 15:41:56,2170,0.45981675,97
2022-12-07 15:41:58,2180,0.458643,94
2022-12-07 15:42:00,2190,0.45747075000000004,84
2022-12-07 15:42:01,2200,0.45630000000000004,82
2022-12-07 15:42:03,2210,0.45513075000000003,80
2022-12-07 15:42:05,2220,0.453963,-100
2022-12-07 15:42:06,2230,0.4527967500000001,-100
2022-12-07 15:42:08,2240,0.45163200000000003,70
2022-12-07 15:42:09,2250,0.4504687500000001,61
2022-12-07 15:42:13,2260,0.449307,-323
2022-12-07 15:42:15,2270,0.44814675,98
2022-12-07 15:42:17,2280,0.44698800000000005,91
2022-12-07 15:42:20,2290,0.44583075,-7
2022-12-07 15:42:21,2300,0.444675,94
2022-12-07 15:42:24,2310,0.44352075,84
2022-12-07 15:42:25,2320,0.442368,87
2022-12-07 15:42:28,2330,0.44121675000000005,84
2022-12-07 15:42:30,2340,0.44006700000000004,68
2022-12-07 15:42:32,2350,0.43891875,85
2022-12-07 15:42:34,2360,0.437772,2
2022-12-07 15:42:35,2370,0.43662675000000006,91
2022-12-07 15:42:37,2380,0.43548300000000006,64
2022-12-07 15:42:39,2390,0.43434075,87
2022-12-07 15:42:42,2400,0.43320000000000003,82
2022-12-07 15:42:43,2410,0.43206075000000005,98
2022-12-07 15:42:45,2420,0.43092299999999994,91
2022-12-07 15:42:48,2430,0.42978675,-129
2022-12-07 15:42:51,2440,0.42865200000000003,81
2022-12-07 15:42:52,2450,0.42751875,84
2022-12-07 15:42:53,2460,0.426387,77
2022-12-07 15:42:55,2470,0.42525674999999996,81
2022-12-07 15:42:56,2480,0.424128,-43
2022-12-07 15:42:58,2490,0.42300075,64
2022-12-07 15:43:00,2500,0.421875,0
2022-12-07 15:43:02,2510,0.42075074999999995,91
2022-12-07 15:43:04,2520,0.419628,90
2022-12-07 15:43:06,2530,0.41850675,58
2022-12-07 15:43:08,2540,0.417387,90
2022-12-07 15:43:10,2550,0.41626874999999997,-41
2022-12-07 15:43:11,2560,0.415152,89
2022-12-07 15:43:12,2570,0.41403675,2
2022-12-07 15:43:15,2580,0.41292299999999993,86
2022-12-07 15:43:16,2590,0.41181075,92
2022-12-07 15:43:19,2600,0.41069999999999995,0
2022-12-07 15:43:21,2610,0.40959075,-174
2022-12-07 15:43:23,2620,0.40848300000000004,-6
2022-12-07 15:43:25,2630,0.40737675,76
2022-12-07 15:43:26,2640,0.40627199999999997,70
2022-12-07 15:43:27,2650,0.40516874999999997,74
2022-12-07 15:43:29,2660,0.404067,-21
2022-12-07 15:43:31,2670,0.40296675000000004,87
2022-12-07 15:43:32,2680,0.401868,89
2022-12-07 15:43:33,2690,0.40077074999999995,92
2022-12-07 15:43:34,2700,0.39967499999999995,95
2022-12-07 15:43:35,2710,0.39858074999999993,-123
2022-12-07 15:43:37,2720,0.397488,-30
2022-12-07 15:43:38,2730,0.39639674999999996,92
2022-12-07 15:43:39,2740,0.39530699999999996,90
2022-12-07 15:43:42,2750,0.39421875,25
2022-12-07 15:43:44,2760,0.393132,95
2022-12-07 15:43:45,2770,0.39204675,-7
2022-12-07 15:43:47,2780,0.39096299999999995,87
2022-12-07 15:43:49,2790,0.38988075,52
2022-12-07 15:43:50,2800,0.3888,83
2022-12-07 15:43:52,2810,0.38772075,90
2022-12-07 15:43:53,2820,0.38664299999999996,-9
2022-12-07 15:43:54,2830,0.38556675000000007,86
2022-12-07 15:43:57,2840,0.384492,-49
2022-12-07 15:43:57,2850,0.38341875000000014,92
2022-12-07 15:43:59,2860,0.38234699999999994,-1
2022-12-07 15:44:01,2870,0.38127675000000005,96
2022-12-07 15:44:02,2880,0.380208,53
2022-12-07 15:44:05,2890,0.3791407500000001,7
2022-12-07 15:44:06,2900,0.378075,77
2022-12-07 15:44:07,2910,0.3770107500000001,85
2022-12-07 15:44:10,2920,0.37594799999999995,91
2022-12-07 15:44:11,2930,0.37488675000000005,81
2022-12-07 15:44:12,2940,0.37382699999999996,92
2022-12-07 15:44:14,2950,0.3727687500000001,85
2022-12-07 15:44:15,2960,0.37171199999999993,4
2022-12-07 15:44:16,2970,0.3706567500000001,87
2022-12-07 15:44:18,2980,0.36960299999999996,75
2022-12-07 15:44:20,2990,0.36855075000000004,85
2022-12-07 15:44:21,3000,0.36749999999999994,49
2022-12-07 15:44:21,3010,0.3664507500000001,87
2022-12-07 15:44:23,3020,0.3654029999999999,88
2022-12-07 15:44:25,3030,0.36435675000000006,73
2022-12-07 15:44:27,3040,0.36331199999999997,21
2022-12-07 15:44:28,3050,0.3622687500000001,69
2022-12-07 15:44:29,3060,0.36122699999999996,99
2022-12-07 15:44:32,3070,0.36018675000000006,95
2022-12-07 15:44:33,3080,0.35914799999999997,61
2022-12-07 15:44:34,3090,0.3581107500000001,87
2022-12-07 15:44:35,3100,0.3570749999999999,91
2022-12-07 15:44:37,3110,0.35604075,65
2022-12-07 15:44:38,3120,0.35500799999999993,81
2022-12-07 15:44:39,3130,0.35397675000000006,90
2022-12-07 15:44:40,3140,0.3529469999999999,82
2022-12-07 15:44:41,3150,0.35191875000000006,28
2022-12-07 15:44:43,3160,0.350892,90
2022-12-07 15:44:44,3170,0.34986675,90
2022-12-07 15:44:45,3180,0.34884299999999996,88
2022-12-07 15:44:47,3190,0.34782075000000007,85
2022-12-07 15:44:48,3200,0.34679999999999994,90
2022-12-07 15:44:49,3210,0.3457807500000001,85
2022-12-07 15:44:50,3220,0.34476299999999993,18
2022-12-07 15:44:52,3230,0.34374675000000005,-118
2022-12-07 15:44:54,3240,0.3427319999999999,98
2022-12-07 15:44:55,3250,0.34171875000000007,52
2022-12-07 15:44:56,3260,0.3407069999999999,88
2022-12-07 15:44:57,3270,0.33969675000000005,12
2022-12-07 15:44:58,3280,0.33868799999999993,80
2022-12-07 15:45:00,3290,0.33768075000000003,91
2022-12-07 15:45:01,3300,0.33667499999999995,66
2022-12-07 15:45:02,3310,0.33567075,73
2022-12-07 15:45:03,3320,0.3346679999999999,96
2022-12-07 15:45:04,3330,0.33366675,79
2022-12-07 15:45:05,3340,0.33266699999999993,-103
2022-12-07 15:45:06,3350,0.33166875,93
2022-12-07 15:45:07,3360,0.3306719999999999,88
2022-12-07 15:45:08,3370,0.32967675,99
2022-12-07 15:45:09,3380,0.32868299999999995,87
2022-12-07 15:45:10,3390,0.32769075000000003,90
2022-12-07 15:45:11,3400,0.3266999999999999,75
2022-12-07 15:45:12,3410,0.32571075000000005,-30
2022-12-07 15:45:13,3420,0.32472299999999993,87
2022-12-07 15:45:14,3430,0.32373675,85
2022-12-07 15:45:15,3440,0.32275200000000004,-100
2022-12-07 15:45:16,3450,0.32176875000000005,78
2022-12-07 15:45:17,3460,0.32078700000000004,76
2022-12-07 15:45:18,3470,0.31980675000000003,99
2022-12-07 15:45:19,3480,0.318828,92
2022-12-07 15:45:20,3490,0.31785075,93
2022-12-07 15:45:21,3500,0.316875,68
2022-12-07 15:45:22,3510,0.31590075000000006,96
2022-12-07 15:45:23,3520,0.314928,78
2022-12-07 15:45:25,3530,0.31395675,-36
2022-12-07 15:45:26,3540,0.312987,93
2022-12-07 15:45:27,3550,0.31201875,94
2022-12-07 15:45:28,3560,0.31105200000000005,91
2022-12-07 15:45:29,3570,0.31008675,85
2022-12-07 15:45:30,3580,0.30912300000000004,74
2022-12-07 15:45:31,3590,0.30816075,85
2022-12-07 15:45:32,3600,0.30720000000000003,90
2022-12-07 15:45:33,3610,0.30624075,85
2022-12-07 15:45:34,3620,0.305283,73
2022-12-07 15:45:35,3630,0.30432675,69
2022-12-07 15:45:36,3640,0.30337200000000003,89
2022-12-07 15:45:36,3650,0.30241875,82
2022-12-07 15:45:37,3660,0.30146700000000004,95
2022-12-07 15:45:38,3670,0.30051675,95
2022-12-07 15:45:39,3680,0.299568,93
2022-12-07 15:45:40,3690,0.29862075,22
2022-12-07 15:45:42,3700,0.297675,86
2022-12-07 15:45:43,3710,0.29673075000000004,93
2022-12-07 15:45:44,3720,0.295788,93
2022-12-07 15:45:45,3730,0.29484675,81
2022-12-07 15:45:46,3740,0.29390700000000003,57
2022-12-07 15:45:47,3750,0.29296875,58
2022-12-07 15:45:48,3760,0.292032,17
2022-12-07 15:45:49,3770,0.29109675,88
2022-12-07 15:45:49,3780,0.290163,91
2022-12-07 15:45:50,3790,0.28923075,80
2022-12-07 15:45:51,3800,0.2883,94
2022-12-07 15:45:52,3810,0.28737075,94
2022-12-07 15:45:53,3820,0.286443,89
2022-12-07 15:45:54,3830,0.28551675,96
2022-12-07 15:45:55,3840,0.284592,64
2022-12-07 15:45:56,3850,0.28366874999999997,73
2022-12-07 15:45:57,3860,0.28274699999999997,99
2022-12-07 15:45:57,3870,0.28182674999999996,95
2022-12-07 15:45:59,3880,0.280908,82
2022-12-07 15:46:00,3890,0.27999074999999995,92
2022-12-07 15:46:01,3900,0.27907499999999996,82
2022-12-07 15:46:01,3910,0.27816074999999996,88
2022-12-07 15:46:02,3920,0.277248,89
2022-12-07 15:46:03,3930,0.27633674999999996,67
2022-12-07 15:46:05,3940,0.275427,84
2022-12-07 15:46:06,3950,0.27451875,68
2022-12-07 15:46:06,3960,0.27361199999999997,90
2022-12-07 15:46:07,3970,0.27270675,87
2022-12-07 15:46:08,3980,0.27180299999999996,85
2022-12-07 15:46:09,3990,0.27090075,44
2022-12-07 15:46:10,4000,0.27,92
2022-12-07 15:46:11,4010,0.26910075,80
2022-12-07 15:46:12,4020,0.26820299999999997,89
2022-12-07 15:46:13,4030,0.26730675,88
2022-12-07 15:46:14,4040,0.266412,85
2022-12-07 15:46:15,4050,0.26551874999999997,84
2022-12-07 15:46:16,4060,0.264627,81
2022-12-07 15:46:17,4070,0.26373674999999996,97
2022-12-07 15:46:18,4080,0.2628480000000001,77
2022-12-07 15:46:18,4090,0.26196074999999996,90
2022-12-07 15:46:19,4100,0.26107500000000006,86
2022-12-07 15:46:20,4110,0.26019074999999997,97
2022-12-07 15:46:21,4120,0.2593080000000001,85
2022-12-07 15:46:22,4130,0.25842675,88
2022-12-07 15:46:22,4140,0.2575470000000001,82
2022-12-07 15:46:23,4150,0.25666874999999995,75
2022-12-07 15:46:24,4160,0.2557920000000001,92
2022-12-07 15:46:25,4170,0.25491674999999997,84
2022-12-07 15:46:26,4180,0.2540430000000001,96
2022-12-07 15:46:27,4190,0.25317074999999994,89
2022-12-07 15:46:28,4200,0.2523000000000001,92
2022-12-07 15:46:29,4210,0.25143075,91
2022-12-07 15:46:30,4220,0.2505630000000001,88
2022-12-07 15:46:30,4230,0.24969674999999997,85
2022-12-07 15:46:32,4240,0.24883200000000005,74
2022-12-07 15:46:33,4250,0.24796874999999996,92
2022-12-07 15:46:34,4260,0.24710700000000008,71
2022-12-07 15:46:35,4270,0.24624674999999996,89
2022-12-07 15:46:35,4280,0.24538800000000005,96
2022-12-07 15:46:36,4290,0.24453074999999996,83
2022-12-07 15:46:37,4300,0.24367500000000006,89
2022-12-07 15:46:38,4310,0.24282074999999997,88
2022-12-07 15:46:39,4320,0.24196800000000007,88
2022-12-07 15:46:40,4330,0.24111675,53
2022-12-07 15:46:40,4340,0.24026700000000006,88
2022-12-07 15:46:41,4350,0.23941874999999996,82
2022-12-07 15:46:42,4360,0.23857200000000003,88
2022-12-07 15:46:42,4370,0.23772674999999996,96
2022-12-07 15:46:43,4380,0.23688300000000007,98
2022-12-07 15:46:44,4390,0.23604074999999994,88
2022-12-07 15:46:45,4400,0.23520000000000002,80
2022-12-07 15:46:46,4410,0.23436074999999995,92
2022-12-07 15:46:47,4420,0.23352300000000006,84
2022-12-07 15:46:47,4430,0.23268674999999994,88
2022-12-07 15:46:48,4440,0.23185200000000006,83
2022-12-07 15:46:49,4450,0.23101874999999994,81
2022-12-07 15:46:49,4460,0.23018700000000006,95
2022-12-07 15:46:50,4470,0.22935674999999994,89
2022-12-07 15:46:51,4480,0.228528,72
2022-12-07 15:46:52,4490,0.22770074999999995,61
2022-12-07 15:46:53,4500,0.22687500000000005,85
2022-12-07 15:46:53,4510,0.22605074999999994,91
2022-12-07 15:46:54,4520,0.22522800000000004,92
2022-12-07 15:46:55,4530,0.22440674999999996,-103
2022-12-07 15:46:56,4540,0.22358700000000004,71
2022-12-07 15:46:57,4550,0.22276874999999996,84
2022-12-07 15:46:58,4560,0.22195200000000004,89
2022-12-07 15:46:59,4570,0.22113674999999994,91
2022-12-07 15:46:59,4580,0.22032300000000002,73
2022-12-07 15:47:00,4590,0.21951074999999992,56
2022-12-07 15:47:01,4600,0.2187,79
2022-12-07 15:47:02,4610,0.21789074999999994,83
2022-12-07 15:47:03,4620,0.21708300000000003,85
2022-12-07 15:47:04,4630,0.21627674999999996,90
2022-12-07 15:47:05,4640,0.21547200000000005,94
2022-12-07 15:47:06,4650,0.2146687499999999,91
2022-12-07 15:47:07,4660,0.21386700000000003,59
2022-12-07 15:47:07,4670,0.21306674999999994,80
2022-12-07 15:47:08,4680,0.21226800000000004,74
2022-12-07 15:47:09,4690,0.21147075,93
2022-12-07 15:47:10,4700,0.21067500000000003,96
2022-12-07 15:47:10,4710,0.20988075,79
2022-12-07 15:47:11,4720,0.20908800000000002,83
2022-12-07 15:47:12,4730,0.20829675,95
2022-12-07 15:47:12,4740,0.20750700000000002,95
2022-12-07 15:47:13,4750,0.20671875,94
2022-12-07 15:47:14,4760,0.20593200000000003,92
2022-12-07 15:47:15,4770,0.20514675000000002,83
2022-12-07 15:47:15,4780,0.20436300000000002,95
2022-12-07 15:47:17,4790,0.20358075000000003,84
2022-12-07 15:47:18,4800,0.20280000000000004,81
2022-12-07 15:47:19,4810,0.20202075000000003,77
2022-12-07 15:47:20,4820,0.201243,58
2022-12-07 15:47:20,4830,0.20046675,84
2022-12-07 15:47:21,4840,0.19969199999999998,77
2022-12-07 15:47:22,4850,0.19891874999999998,66
2022-12-07 15:47:23,4860,0.198147,87
2022-12-07 15:47:24,4870,0.19737675,87
2022-12-07 15:47:24,4880,0.196608,95
2022-12-07 15:47:25,4890,0.19584075,88
2022-12-07 15:47:26,4900,0.195075,91
2022-12-07 15:47:26,4910,0.19431075,96
2022-12-07 15:47:27,4920,0.193548,86
2022-12-07 15:47:28,4930,0.19278675,91
2022-12-07 15:47:29,4940,0.192027,87
2022-12-07 15:47:30,4950,0.19126875,86
2022-12-07 15:47:30,4960,0.19051200000000001,72
2022-12-07 15:47:31,4970,0.18975674999999997,80
2022-12-07 15:47:32,4980,0.189003,71
2022-12-07 15:47:33,4990,0.18825074999999997,80
2022-12-07 15:47:34,5000,0.1875,89
2022-12-07 15:47:34,5010,0.18675075,90
2022-12-07 15:47:35,5020,0.186003,89
2022-12-07 15:47:36,5030,0.18525675,93
2022-12-07 15:47:37,5040,0.18451199999999998,89
2022-12-07 15:47:37,5050,0.18376874999999998,88
2022-12-07 15:47:38,5060,0.183027,80
2022-12-07 15:47:39,5070,0.18228675,85
2022-12-07 15:47:40,5080,0.181548,98
2022-12-07 15:47:40,5090,0.18081075,97
2022-12-07 15:47:41,5100,0.18007499999999999,84
2022-12-07 15:47:42,5110,0.17934075,91
2022-12-07 15:47:42,5120,0.178608,87
2022-12-07 15:47:43,5130,0.17787675,78
2022-12-07 15:47:43,5140,0.177147,-105
2022-12-07 15:47:44,5150,0.17641874999999999,100
2022-12-07 15:47:45,5160,0.175692,88
2022-12-07 15:47:46,5170,0.17496675,86
2022-12-07 15:47:46,5180,0.17424299999999998,87
2022-12-07 15:47:47,5190,0.17352075,89
2022-12-07 15:47:48,5200,0.1728,98
2022-12-07 15:47:49,5210,0.17208074999999998,85
2022-12-07 15:47:50,5220,0.171363,84
2022-12-07 15:47:50,5230,0.17064674999999999,99
2022-12-07 15:47:51,5240,0.16993199999999997,86
2022-12-07 15:47:52,5250,0.16921875,84
2022-12-07 15:47:53,5260,0.168507,97
2022-12-07 15:47:54,5270,0.16779675,98
2022-12-07 15:47:54,5280,0.167088,81
2022-12-07 15:47:55,5290,0.16638075,95
2022-12-07 15:47:56,5300,0.165675,91
2022-12-07 15:47:57,5310,0.16497074999999997,90
2022-12-07 15:47:58,5320,0.16426799999999997,83
2022-12-07 15:47:58,5330,0.16356674999999998,87
2022-12-07 15:47:59,5340,0.16286699999999998,78
2022-12-07 15:48:00,5350,0.16216874999999997,92
2022-12-07 15:48:00,5360,0.16147199999999998,86
2022-12-07 15:48:01,5370,0.16077674999999997,93
2022-12-07 15:48:02,5380,0.16008299999999998,85
2022-12-07 15:48:02,5390,0.15939074999999997,94
2022-12-07 15:48:03,5400,0.15869999999999995,96
2022-12-07 15:48:04,5410,0.15801074999999998,67
2022-12-07 15:48:05,5420,0.157323,81
2022-12-07 15:48:05,5430,0.15663675,85
2022-12-07 15:48:06,5440,0.15595199999999998,93
2022-12-07 15:48:07,5450,0.15526874999999996,89
2022-12-07 15:48:08,5460,0.15458699999999997,80
2022-12-07 15:48:08,5470,0.15390674999999998,97
2022-12-07 15:48:09,5480,0.15322799999999998,91
2022-12-07 15:48:09,5490,0.15255074999999998,97
2022-12-07 15:48:10,5500,0.15187499999999998,84
2022-12-07 15:48:10,5510,0.15120074999999997,-106
2022-12-07 15:48:11,5520,0.15052799999999997,81
2022-12-07 15:48:12,5530,0.14985674999999998,92
2022-12-07 15:48:12,5540,0.14918699999999996,96
2022-12-07 15:48:13,5550,0.14851874999999998,90
2022-12-07 15:48:13,5560,0.14785199999999996,89
2022-12-07 15:48:14,5570,0.14718674999999998,66
2022-12-07 15:48:15,5580,0.14652299999999996,85
2022-12-07 15:48:16,5590,0.14586074999999998,92
2022-12-07 15:48:17,5600,0.14519999999999997,58
2022-12-07 15:48:17,5610,0.14454074999999997,76
2022-12-07 15:48:18,5620,0.14388299999999998,89
2022-12-07 15:48:18,5630,0.14322675000000004,84
2022-12-07 15:48:19,5640,0.14257200000000003,74
2022-12-07 15:48:20,5650,0.14191875000000004,91
2022-12-07 15:48:21,5660,0.14126700000000003,83
2022-12-07 15:48:22,5670,0.14061675000000004,88
2022-12-07 15:48:22,5680,0.13996800000000004,56
2022-12-07 15:48:23,5690,0.13932075000000002,42
2022-12-07 15:48:24,5700,0.13867500000000002,91
2022-12-07 15:48:25,5710,0.13803075000000004,98
2022-12-07 15:48:25,5720,0.13738800000000004,85
2022-12-07 15:48:26,5730,0.13674675000000003,87
2022-12-07 15:48:27,5740,0.13610700000000003,72
2022-12-07 15:48:28,5750,0.13546875000000003,92
2022-12-07 15:48:28,5760,0.13483200000000004,97
2022-12-07 15:48:29,5770,0.13419675000000003,94
2022-12-07 15:48:29,5780,0.13356300000000004,98
2022-12-07 15:48:30,5790,0.13293075000000004,90
2022-12-07 15:48:31,5800,0.13230000000000003,93
2022-12-07 15:48:31,5810,0.13167075,92
2022-12-07 15:48:32,5820,0.13104300000000002,93
2022-12-07 15:48:32,5830,0.13041675000000003,94
2022-12-07 15:48:33,5840,0.12979200000000002,87
2022-12-07 15:48:33,5850,0.12916875,92
2022-12-07 15:48:34,5860,0.12854700000000002,83
2022-12-07 15:48:34,5870,0.12792675000000003,96
2022-12-07 15:48:35,5880,0.12730800000000003,80
2022-12-07 15:48:36,5890,0.12669075000000002,93
2022-12-07 15:48:36,5900,0.12607500000000002,84
2022-12-07 15:48:37,5910,0.12546075,87
2022-12-07 15:48:37,5920,0.12484800000000001,99
2022-12-07 15:48:38,5930,0.12423675,74
2022-12-07 15:48:39,5940,0.12362700000000001,91
2022-12-07 15:48:39,5950,0.12301875000000002,98
2022-12-07 15:48:40,5960,0.12241200000000002,91
2022-12-07 15:48:41,5970,0.12180675000000002,60
2022-12-07 15:48:41,5980,0.12120300000000002,91
2022-12-07 15:48:42,5990,0.12060075000000002,93
2022-12-07 15:48:42,6000,0.12000000000000002,84
2022-12-07 15:48:43,6010,0.11940075,93
2022-12-07 15:48:44,6020,0.11880300000000002,86
2022-12-07 15:48:45,6030,0.11820675000000003,94
2022-12-07 15:48:45,6040,0.11761200000000001,95
2022-12-07 15:48:46,6050,0.11701875000000002,92
2022-12-07 15:48:46,6060,0.116427,87
2022-12-07 15:48:47,6070,0.11583675,86
2022-12-07 15:48:48,6080,0.11524800000000002,93
2022-12-07 15:48:48,6090,0.11466075,96
2022-12-07 15:48:49,6100,0.11407500000000001,98
2022-12-07 15:48:49,6110,0.11349075,93
2022-12-07 15:48:49,6120,0.11290800000000001,93
2022-12-07 15:48:50,6130,0.11232675,90
2022-12-07 15:48:51,6140,0.11174700000000001,74
2022-12-07 15:48:51,6150,0.11116875,80
2022-12-07 15:48:52,6160,0.110592,83
2022-12-07 15:48:52,6170,0.11001675000000001,94
2022-12-07 15:48:53,6180,0.109443,82
2022-12-07 15:48:54,6190,0.10887075000000002,86
2022-12-07 15:48:55,6200,0.10830000000000001,90
2022-12-07 15:48:55,6210,0.10773074999999999,80
2022-12-07 15:48:56,6220,0.10716300000000001,87
2022-12-07 15:48:56,6230,0.10659675,79
2022-12-07 15:48:57,6240,0.106032,88
2022-12-07 15:48:58,6250,0.10546875,80
2022-12-07 15:48:58,6260,0.104907,96
2022-12-07 15:48:59,6270,0.10434675,86
2022-12-07 15:48:59,6280,0.103788,88
2022-12-07 15:49:00,6290,0.10323074999999998,95
2022-12-07 15:49:01,6300,0.10267499999999999,86
2022-12-07 15:49:02,6310,0.10212075000000001,92
2022-12-07 15:49:02,6320,0.10156799999999999,87
2022-12-07 15:49:03,6330,0.10101675,89
2022-12-07 15:49:03,6340,0.100467,91
2022-12-07 15:49:04,6350,0.09991874999999999,86
2022-12-07 15:49:04,6360,0.099372,87
2022-12-07 15:49:05,6370,0.09882674999999999,87
2022-12-07 15:49:06,6380,0.098283,80
2022-12-07 15:49:07,6390,0.09774074999999999,93
2022-12-07 15:49:07,6400,0.0972,83
2022-12-07 15:49:08,6410,0.09666074999999999,84
2022-12-07 15:49:08,6420,0.096123,93
2022-12-07 15:49:09,6430,0.09558674999999998,90
2022-12-07 15:49:09,6440,0.095052,93
2022-12-07 15:49:10,6450,0.09451875,93
2022-12-07 15:49:11,6460,0.09398699999999999,89
2022-12-07 15:49:11,6470,0.09345674999999999,93
2022-12-07 15:49:12,6480,0.09292799999999998,80
2022-12-07 15:49:12,6490,0.09240074999999999,91
2022-12-07 15:49:13,6500,0.09187499999999998,89
2022-12-07 15:49:14,6510,0.09135074999999998,77
2022-12-07 15:49:14,6520,0.09082799999999999,97
2022-12-07 15:49:15,6530,0.09030674999999999,71
2022-12-07 15:49:16,6540,0.08978699999999999,92
2022-12-07 15:49:16,6550,0.08926874999999998,89
2022-12-07 15:49:17,6560,0.08875199999999998,85
2022-12-07 15:49:17,6570,0.08823674999999997,99
2022-12-07 15:49:18,6580,0.087723,90
2022-12-07 15:49:19,6590,0.08721074999999999,96
2022-12-07 15:49:19,6600,0.08669999999999999,91
2022-12-07 15:49:20,6610,0.08619074999999998,89
2022-12-07 15:49:20,6620,0.08568299999999998,65
2022-12-07 15:49:21,6630,0.08517674999999998,85
2022-12-07 15:49:22,6640,0.08467199999999998,96
2022-12-07 15:49:22,6650,0.08416874999999999,88
2022-12-07 15:49:23,6660,0.08366699999999998,85
2022-12-07 15:49:23,6670,0.08316674999999998,87
2022-12-07 15:49:24,6680,0.08266799999999998,86
2022-12-07 15:49:24,6690,0.08217074999999999,97
2022-12-07 15:49:25,6700,0.08167499999999997,100
2022-12-07 15:49:26,6710,0.08118074999999998,87
2022-12-07 15:49:26,6720,0.08068799999999998,87
2022-12-07 15:49:27,6730,0.08019674999999998,76
2022-12-07 15:49:27,6740,0.07970699999999997,90
2022-12-07 15:49:28,6750,0.07921874999999998,90
2022-12-07 15:49:28,6760,0.07873199999999998,82
2022-12-07 15:49:29,6770,0.07824674999999998,92
2022-12-07 15:49:30,6780,0.07776299999999997,83
2022-12-07 15:49:30,6790,0.07728074999999998,98
2022-12-07 15:49:31,6800,0.07679999999999998,94
2022-12-07 15:49:31,6810,0.07632074999999997,92
2022-12-07 15:49:32,6820,0.07584299999999997,94
2022-12-07 15:49:32,6830,0.07536674999999998,96
2022-12-07 15:49:33,6840,0.07489199999999999,88
2022-12-07 15:49:34,6850,0.07441874999999998,89
2022-12-07 15:49:34,6860,0.07394699999999997,60
2022-12-07 15:49:35,6870,0.07347674999999997,74
2022-12-07 15:49:35,6880,0.07300800000000002,89
2022-12-07 15:49:36,6890,0.07254075000000001,83
2022-12-07 15:49:37,6900,0.07207500000000003,85
2022-12-07 15:49:37,6910,0.07161075000000003,92
2022-12-07 15:49:38,6920,0.07114800000000002,99
2022-12-07 15:49:38,6930,0.07068675000000002,93
2022-12-07 15:49:39,6940,0.07022700000000001,88
2022-12-07 15:49:39,6950,0.06976875000000002,92
2022-12-07 15:49:40,6960,0.06931200000000001,94
2022-12-07 15:49:41,6970,0.06885675000000002,84
2022-12-07 15:49:41,6980,0.06840300000000002,87
2022-12-07 15:49:42,6990,0.06795075000000002,92
2022-12-07 15:49:42,7000,0.06750000000000002,93
2022-12-07 15:49:43,7010,0.06705075000000002,-101
2022-12-07 15:49:43,7020,0.06660300000000002,82
2022-12-07 15:49:44,7030,0.06615675000000001,92
2022-12-07 15:49:44,7040,0.06571200000000002,99
2022-12-07 15:49:45,7050,0.06526875000000001,84
2022-12-07 15:49:46,7060,0.06482700000000002,87
2022-12-07 15:49:46,7070,0.06438675000000002,86
2022-12-07 15:49:46,7080,0.06394800000000002,89
2022-12-07 15:49:47,7090,0.06351075000000002,96
2022-12-07 15:49:48,7100,0.06307500000000002,90
2022-12-07 15:49:48,7110,0.06264075000000002,91
2022-12-07 15:49:49,7120,0.06220800000000001,78
2022-12-07 15:49:49,7130,0.06177675000000002,89
2022-12-07 15:49:50,7140,0.06134700000000001,74
2022-12-07 15:49:51,7150,0.060918750000000015,99
2022-12-07 15:49:51,7160,0.06049200000000002,97
2022-12-07 15:49:52,7170,0.060066750000000016,78
2022-12-07 15:49:52,7180,0.05964300000000001,92
2022-12-07 15:49:53,7190,0.059220750000000016,72
2022-12-07 15:49:53,7200,0.058800000000000005,98
2022-12-07 15:49:54,7210,0.058380750000000016,90
2022-12-07 15:49:54,7220,0.057963000000000015,96
2022-12-07 15:49:55,7230,0.057546750000000015,83
2022-12-07 15:49:56,7240,0.057132,91
2022-12-07 15:49:56,7250,0.05671875000000001,85
2022-12-07 15:49:57,7260,0.05630700000000001,91
2022-12-07 15:49:57,7270,0.05589675000000001,94
2022-12-07 15:49:58,7280,0.05548800000000001,74
2022-12-07 15:49:58,7290,0.055080750000000005,91
2022-12-07 15:49:59,7300,0.054675,70
2022-12-07 15:50:00,7310,0.054270750000000006,82
2022-12-07 15:50:00,7320,0.05386800000000001,89
2022-12-07 15:50:00,7330,0.05346675000000001,91
2022-12-07 15:50:01,7340,0.05306700000000001,92
2022-12-07 15:50:02,7350,0.05266875000000001,86
2022-12-07 15:50:02,7360,0.052272000000000006,93
2022-12-07 15:50:03,7370,0.051876750000000006,95
2022-12-07 15:50:03,7380,0.05148300000000001,97
2022-12-07 15:50:04,7390,0.051090750000000004,93
2022-12-07 15:50:04,7400,0.05070000000000001,88
2022-12-07 15:50:05,7410,0.05031075,98
2022-12-07 15:50:05,7420,0.049922999999999995,93
2022-12-07 15:50:06,7430,0.04953675,82
2022-12-07 15:50:07,7440,0.049152,89
2022-12-07 15:50:07,7450,0.04876875,96
2022-12-07 15:50:08,7460,0.048387,93
2022-12-07 15:50:09,7470,0.04800675,99
2022-12-07 15:50:09,7480,0.047628000000000004,92
2022-12-07 15:50:10,7490,0.04725075,85
2022-12-07 15:50:10,7500,0.046875,91
2022-12-07 15:50:11,7510,0.04650075,89
2022-12-07 15:50:12,7520,0.046127999999999995,97
2022-12-07 15:50:12,7530,0.04575675,98
2022-12-07 15:50:13,7540,0.045387,92
2022-12-07 15:50:14,7550,0.045018749999999996,88
2022-12-07 15:50:14,7560,0.044652,84
2022-12-07 15:50:15,7570,0.04428675,78
2022-12-07 15:50:15,7580,0.043923,92
2022-12-07 15:50:16,7590,0.043560749999999995,98
2022-12-07 15:50:16,7600,0.0432,84
2022-12-07 15:50:17,7610,0.04284075,93
2022-12-07 15:50:18,7620,0.04248299999999999,84
2022-12-07 15:50:18,7630,0.04212675,91
2022-12-07 15:50:18,7640,0.041772,93
2022-12-07 15:50:19,7650,0.04141875,90
2022-12-07 15:50:20,7660,0.04106699999999999,84
2022-12-07 15:50:20,7670,0.040716749999999996,91
2022-12-07 15:50:21,7680,0.040367999999999994,91
2022-12-07 15:50:21,7690,0.040020749999999994,86
2022-12-07 15:50:22,7700,0.03967499999999999,74
2022-12-07 15:50:23,7710,0.03933075,84
2022-12-07 15:50:23,7720,0.038987999999999995,86
2022-12-07 15:50:24,7730,0.038646749999999994,96
2022-12-07 15:50:24,7740,0.038306999999999994,95
2022-12-07 15:50:25,7750,0.037968749999999996,99
2022-12-07 15:50:25,7760,0.03763199999999999,91
2022-12-07 15:50:26,7770,0.03729674999999999,86
2022-12-07 15:50:26,7780,0.03696299999999999,96
2022-12-07 15:50:27,7790,0.03663074999999999,94
2022-12-07 15:50:27,7800,0.03629999999999999,89
2022-12-07 15:50:28,7810,0.035970749999999996,75
2022-12-07 15:50:29,7820,0.035642999999999994,91
2022-12-07 15:50:29,7830,0.03531674999999999,98
2022-12-07 15:50:29,7840,0.034991999999999995,83
2022-12-07 15:50:30,7850,0.03466874999999999,98
2022-12-07 15:50:30,7860,0.03434699999999999,91
2022-12-07 15:50:31,7870,0.03402674999999999,94
2022-12-07 15:50:32,7880,0.03370799999999999,85
2022-12-07 15:50:32,7890,0.03339074999999999,87
2022-12-07 15:50:33,7900,0.03307499999999999,89
2022-12-07 15:50:33,7910,0.03276074999999999,93
2022-12-07 15:50:34,7920,0.03244799999999999,88
2022-12-07 15:50:34,7930,0.03213674999999999,93
2022-12-07 15:50:35,7940,0.03182699999999999,90
2022-12-07 15:50:36,7950,0.03151874999999999,86
2022-12-07 15:50:36,7960,0.03121199999999999,92
2022-12-07 15:50:37,7970,0.030906749999999986,86
2022-12-07 15:50:37,7980,0.03060299999999999,97
2022-12-07 15:50:38,7990,0.030300749999999987,83
2022-12-07 15:50:38,8000,0.029999999999999985,100
2022-12-07 15:50:39,8010,0.029700749999999988,92
2022-12-07 15:50:39,8020,0.029402999999999985,98
2022-12-07 15:50:40,8030,0.029106749999999987,97
2022-12-07 15:50:40,8040,0.028811999999999983,98
2022-12-07 15:50:41,8050,0.02851874999999999,87
2022-12-07 15:50:42,8060,0.028226999999999988,92
2022-12-07 15:50:42,8070,0.02793674999999999,95
2022-12-07 15:50:43,8080,0.027647999999999985,92
2022-12-07 15:50:43,8090,0.027360749999999982,89
2022-12-07 15:50:44,8100,0.027074999999999984,91
2022-12-07 15:50:45,8110,0.026790749999999988,92
2022-12-07 15:50:45,8120,0.026507999999999983,94
2022-12-07 15:50:46,8130,0.026226750000000014,89
2022-12-07 15:50:46,8140,0.02594700000000002,98
2022-12-07 15:50:47,8150,0.025668750000000014,94
2022-12-07 15:50:47,8160,0.025392000000000012,81
2022-12-07 15:50:48,8170,0.025116750000000014,88
2022-12-07 15:50:49,8180,0.024843000000000018,81
2022-12-07 15:50:49,8190,0.024570750000000016,83
2022-12-07 15:50:50,8200,0.024300000000000016,93
2022-12-07 15:50:50,8210,0.02403075000000001,99
2022-12-07 15:50:51,8220,0.023763000000000013,92
2022-12-07 15:50:52,8230,0.02349675000000001,92
2022-12-07 15:50:52,8240,0.023232000000000013,87
2022-12-07 15:50:53,8250,0.022968750000000013,92
2022-12-07 15:50:53,8260,0.022707000000000012,84
2022-12-07 15:50:54,8270,0.022446750000000012,96
2022-12-07 15:50:54,8280,0.02218800000000001,93
2022-12-07 15:50:55,8290,0.02193075000000001,80
2022-12-07 15:50:55,8300,0.02167500000000001,97
2022-12-07 15:50:56,8310,0.02142075000000001,86
2022-12-07 15:50:57,8320,0.02116800000000001,94
2022-12-07 15:50:57,8330,0.020916750000000008,92
2022-12-07 15:50:58,8340,0.02066700000000001,93
2022-12-07 15:50:58,8350,0.02041875000000001,91
2022-12-07 15:50:59,8360,0.02017200000000001,87
2022-12-07 15:50:59,8370,0.019926750000000007,91
2022-12-07 15:51:00,8380,0.019683000000000006,91
2022-12-07 15:51:00,8390,0.019440750000000007,89
2022-12-07 15:51:01,8400,0.01920000000000001,89
2022-12-07 15:51:01,8410,0.018960750000000005,83
2022-12-07 15:51:02,8420,0.018723000000000007,89
2022-12-07 15:51:02,8430,0.018486750000000007,94
2022-12-07 15:51:03,8440,0.018252000000000004,91
2022-12-07 15:51:04,8450,0.018018750000000007,92
2022-12-07 15:51:04,8460,0.017787000000000004,91
2022-12-07 15:51:05,8470,0.017556750000000003,91
2022-12-07 15:51:05,8480,0.017328000000000003,89
2022-12-07 15:51:06,8490,0.017100750000000005,95
2022-12-07 15:51:06,8500,0.016875000000000005,93
2022-12-07 15:51:07,8510,0.016650750000000006,92
2022-12-07 15:51:07,8520,0.016428000000000005,86
2022-12-07 15:51:08,8530,0.016206750000000006,94
2022-12-07 15:51:09,8540,0.015987000000000005,98
2022-12-07 15:51:09,8550,0.015768750000000005,98
2022-12-07 15:51:10,8560,0.015552000000000003,93
2022-12-07 15:51:10,8570,0.015336750000000003,94
2022-12-07 15:51:11,8580,0.015123000000000004,86
2022-12-07 15:51:11,8590,0.014910750000000002,86
2022-12-07 15:51:12,8600,0.014700000000000001,91
2022-12-07 15:51:12,8610,0.014490750000000004,89
2022-12-07 15:51:13,8620,0.014283,83
2022-12-07 15:51:13,8630,0.014076750000000002,93
2022-12-07 15:51:14,8640,0.013872000000000002,92
2022-12-07 15:51:14,8650,0.01366875,91
2022-12-07 15:51:15,8660,0.013467000000000003,94
2022-12-07 15:51:16,8670,0.013266750000000002,92
2022-12-07 15:51:16,8680,0.013068000000000001,92
2022-12-07 15:51:17,8690,0.012870750000000002,95
2022-12-07 15:51:17,8700,0.012675000000000002,93
2022-12-07 15:51:18,8710,0.012480749999999999,89
2022-12-07 15:51:18,8720,0.012288,82
2022-12-07 15:51:19,8730,0.01209675,86
2022-12-07 15:51:19,8740,0.011907000000000001,90
2022-12-07 15:51:20,8750,0.01171875,94
2022-12-07 15:51:20,8760,0.011531999999999999,92
2022-12-07 15:51:21,8770,0.01134675,92
2022-12-07 15:51:22,8780,0.011163,98
2022-12-07 15:51:22,8790,0.01098075,87
2022-12-07 15:51:23,8800,0.0108,93
2022-12-07 15:51:23,8810,0.010620749999999998,83
2022-12-07 15:51:24,8820,0.010443,89
2022-12-07 15:51:24,8830,0.010266749999999998,86
2022-12-07 15:51:25,8840,0.010091999999999999,92
2022-12-07 15:51:25,8850,0.009918749999999997,93
2022-12-07 15:51:26,8860,0.009746999999999999,96
2022-12-07 15:51:26,8870,0.009576749999999998,86
2022-12-07 15:51:27,8880,0.009407999999999998,86
2022-12-07 15:51:28,8890,0.009240749999999997,84
2022-12-07 15:51:28,8900,0.009074999999999998,83
2022-12-07 15:51:29,8910,0.008910749999999999,78
2022-12-07 15:51:29,8920,0.008747999999999999,93
2022-12-07 15:51:30,8930,0.008586749999999997,92
2022-12-07 15:51:30,8940,0.008426999999999997,92
2022-12-07 15:51:31,8950,0.008268749999999998,87
2022-12-07 15:51:31,8960,0.008111999999999998,91
2022-12-07 15:51:32,8970,0.007956749999999997,88
2022-12-07 15:51:32,8980,0.0078029999999999974,93
2022-12-07 15:51:33,8990,0.007650749999999998,92
2022-12-07 15:51:33,9000,0.007499999999999996,84
2022-12-07 15:51:34,9010,0.007350749999999996,88
2022-12-07 15:51:34,9020,0.007202999999999996,91
2022-12-07 15:51:35,9030,0.007056749999999997,79
2022-12-07 15:51:36,9040,0.006911999999999996,94
2022-12-07 15:51:36,9050,0.006768749999999996,89
2022-12-07 15:51:37,9060,0.006626999999999996,85
2022-12-07 15:51:37,9070,0.006486749999999996,96
2022-12-07 15:51:38,9080,0.006347999999999996,85
2022-12-07 15:51:38,9090,0.006210749999999996,87
2022-12-07 15:51:39,9100,0.006074999999999995,86
2022-12-07 15:51:40,9110,0.0059407499999999955,94
2022-12-07 15:51:40,9120,0.0058079999999999955,93
2022-12-07 15:51:41,9130,0.005676749999999996,86
2022-12-07 15:51:41,9140,0.0055469999999999955,82
2022-12-07 15:51:42,9150,0.005418749999999995,89
2022-12-07 15:51:42,9160,0.0052919999999999955,85
2022-12-07 15:51:43,9170,0.005166749999999996,87
2022-12-07 15:51:43,9180,0.005042999999999995,93
2022-12-07 15:51:44,9190,0.0049207499999999954,93
2022-12-07 15:51:44,9200,0.004799999999999995,98
2022-12-07 15:51:45,9210,0.004680749999999996,85
2022-12-07 15:51:45,9220,0.004562999999999995,95
2022-12-07 15:51:46,9230,0.004446749999999995,98
2022-12-07 15:51:46,9240,0.004331999999999996,83
2022-12-07 15:51:47,9250,0.004218749999999995,94
2022-12-07 15:51:47,9260,0.004106999999999994,92
2022-12-07 15:51:48,9270,0.003996749999999995,85
2022-12-07 15:51:48,9280,0.0038879999999999948,93
2022-12-07 15:51:49,9290,0.003780749999999995,87
2022-12-07 15:51:49,9300,0.0036749999999999947,93
2022-12-07 15:51:50,9310,0.003570749999999995,84
2022-12-07 15:51:50,9320,0.0034679999999999945,92
2022-12-07 15:51:51,9330,0.0033667499999999947,96
2022-12-07 15:51:51,9340,0.0032669999999999947,86
2022-12-07 15:51:52,9350,0.0031687499999999945,84
2022-12-07 15:51:52,9360,0.003071999999999995,99
2022-12-07 15:51:53,9370,0.002976749999999995,86
2022-12-07 15:51:54,9380,0.002883000000000005,87
2022-12-07 15:51:54,9390,0.002790750000000005,91
2022-12-07 15:51:55,9400,0.002700000000000005,90
2022-12-07 15:51:55,9410,0.0026107500000000046,97
2022-12-07 15:51:56,9420,0.0025230000000000044,85
2022-12-07 15:51:56,9430,0.0024367500000000045,90
2022-12-07 15:51:57,9440,0.0023520000000000043,93
2022-12-07 15:51:58,9450,0.0022687500000000043,90
2022-12-07 15:51:58,9460,0.002187000000000004,95
2022-12-07 15:51:58,9470,0.0021067500000000036,98
2022-12-07 15:51:59,9480,0.0020280000000000038,85
2022-12-07 15:52:00,9490,0.0019507500000000037,94
2022-12-07 15:52:00,9500,0.0018750000000000034,98
2022-12-07 15:52:01,9510,0.0018007500000000033,86
2022-12-07 15:52:01,9520,0.001728000000000003,90
2022-12-07 15:52:02,9530,0.0016567500000000028,81
2022-12-07 15:52:03,9540,0.001587000000000003,84
2022-12-07 15:52:03,9550,0.0015187500000000027,91
2022-12-07 15:52:04,9560,0.0014520000000000026,81
2022-12-07 15:52:04,9570,0.0013867500000000023,87
2022-12-07 15:52:05,9580,0.0013230000000000023,94
2022-12-07 15:52:05,9590,0.0012607500000000023,93
2022-12-07 15:52:06,9600,0.0012000000000000023,95
2022-12-07 15:52:06,9610,0.001140750000000002,90
2022-12-07 15:52:07,9620,0.001083000000000002,90
2022-12-07 15:52:07,9630,0.0010267500000000018,89
2022-12-07 15:52:08,9640,0.0009720000000000017,95
2022-12-07 15:52:08,9650,0.0009187500000000016,93
2022-12-07 15:52:09,9660,0.0008670000000000016,82
2022-12-07 15:52:09,9670,0.0008167500000000014,97
2022-12-07 15:52:10,9680,0.0007680000000000014,96
2022-12-07 15:52:10,9690,0.0007207500000000012,93
2022-12-07 15:52:11,9700,0.0006750000000000012,86
2022-12-07 15:52:11,9710,0.0006307500000000011,94
2022-12-07 15:52:12,9720,0.0005880000000000011,86
2022-12-07 15:52:13,9730,0.000546750000000001,82
2022-12-07 15:52:13,9740,0.0005070000000000009,81
2022-12-07 15:52:14,9750,0.00046875000000000085,91
2022-12-07 15:52:14,9760,0.00043200000000000074,81
2022-12-07 15:52:15,9770,0.0003967500000000007,94
2022-12-07 15:52:15,9780,0.00036300000000000064,86
2022-12-07 15:52:16,9790,0.0003307500000000006,89
2022-12-07 15:52:16,9800,0.00030000000000000057,92
2022-12-07 15:52:17,9810,0.0002707500000000005,93
2022-12-07 15:52:17,9820,0.00024300000000000043,92
2022-12-07 15:52:18,9830,0.0002167500000000004,89
2022-12-07 15:52:18,9840,0.00019200000000000036,80
2022-12-07 15:52:19,9850,0.0001687500000000003,92
2022-12-07 15:52:20,9860,0.00014700000000000027,89
2022-12-07 15:52:20,9870,0.00012675000000000023,82
2022-12-07 15:52:21,9880,0.00010800000000000019,81
2022-12-07 15:52:21,9890,9.075000000000016e-05,90
2022-12-07 15:52:22,9900,7.500000000000014e-05,89
2022-12-07 15:52:22,9910,6.075000000000011e-05,87
2022-12-07 15:52:23,9920,4.800000000000009e-05,92
2022-12-07 15:52:23,9930,3.6750000000000067e-05,91
2022-12-07 15:52:24,9940,2.7000000000000046e-05,92
2022-12-07 15:52:25,9950,1.8750000000000036e-05,86
2022-12-07 15:52:25,9960,1.2000000000000022e-05,86
2022-12-07 15:52:26,9970,6.750000000000012e-06,87
2022-12-07 15:52:26,9980,3.0000000000000056e-06,91
2022-12-07 15:52:27,9990,7.500000000000014e-07,88
2022-12-07 15:52:27,10000,0,86
2022-12-07 16:27:06,10,0.049501250000000004,89
2022-12-07 16:27:06,20,0.049005,81
2022-12-07 16:27:07,30,0.048511250000000006,91
2022-12-07 16:27:08,40,0.04802,91
2022-12-07 16:27:08,50,0.04753125,84
2022-12-07 16:27:08,60,0.047045000000000003,91
2022-12-07 16:27:09,70,0.04656125,92
2022-12-07 16:27:09,80,0.04608,91
2022-12-07 16:27:10,90,0.04560125,91
2022-12-07 16:27:10,100,0.045125,92
2022-12-07 16:27:11,110,0.04465125,86
2022-12-07 16:27:12,120,0.04418,97
2022-12-07 16:27:12,130,0.04371125000000001,99
2022-12-07 16:27:13,140,0.043245,94
2022-12-07 16:27:13,150,0.04278125000000001,89
2022-12-07 16:27:14,160,0.04232,94
2022-12-07 16:27:14,170,0.04186125000000001,98
2022-12-07 16:27:15,180,0.041405000000000004,87
2022-12-07 16:27:15,190,0.04095125,96
2022-12-07 16:27:16,200,0.04050000000000001,92
2022-12-07 16:27:16,210,0.040051250000000004,91
2022-12-07 16:27:17,220,0.039605,90
2022-12-07 16:27:17,230,0.03916125000000001,92
2022-12-07 16:27:18,240,0.038720000000000004,87
2022-12-07 16:27:19,250,0.03828125,97
2022-12-07 16:27:19,260,0.037845000000000004,93
2022-12-07 16:27:20,270,0.03741125,81
2022-12-07 16:27:20,280,0.03698,91
2022-12-07 16:27:21,290,0.03655125,93
2022-12-07 16:27:21,300,0.036125,91
2022-12-07 16:27:22,310,0.03570125,88
2022-12-07 16:27:22,320,0.03528,96
2022-12-07 16:27:23,330,0.03486125,90
2022-12-07 16:27:23,340,0.034444999999999996,86
2022-12-07 16:27:24,350,0.03403125,81
2022-12-07 16:27:24,360,0.033620000000000004,96
2022-12-07 16:27:25,370,0.03321125,91
2022-12-07 16:27:25,380,0.03280500000000001,88
2022-12-07 16:27:26,390,0.03240124999999999,91
2022-12-07 16:27:27,400,0.03200000000000001,89
2022-12-07 16:27:27,410,0.031601250000000004,95
2022-12-07 16:27:28,420,0.031205000000000007,93
2022-12-07 16:27:28,430,0.030811250000000002,94
2022-12-07 16:27:29,440,0.030420000000000003,92
2022-12-07 16:27:29,450,0.030031250000000006,93
2022-12-07 16:27:30,460,0.029645,92
2022-12-07 16:27:30,470,0.029261250000000003,92
2022-12-07 16:27:30,480,0.028880000000000003,96
2022-12-07 16:27:31,490,0.028501250000000002,87
2022-12-07 16:27:32,500,0.028125,86
2022-12-07 16:27:32,510,0.02775125,94
2022-12-07 16:27:32,520,0.02738,91
2022-12-07 16:27:33,530,0.02701125,88
2022-12-07 16:27:33,540,0.026645,87
2022-12-07 16:27:34,550,0.026281250000000003,92
2022-12-07 16:27:34,560,0.02592,88
2022-12-07 16:27:35,570,0.025561250000000008,96
2022-12-07 16:27:35,580,0.025205,76
2022-12-07 16:27:36,590,0.024851250000000005,90
2022-12-07 16:27:36,600,0.024499999999999997,93
2022-12-07 16:27:37,610,0.024151250000000006,92
2022-12-07 16:27:37,620,0.023804999999999996,94
2022-12-07 16:27:38,630,0.023461250000000003,94
2022-12-07 16:27:38,640,0.023119999999999998,93
2022-12-07 16:27:39,650,0.022781250000000003,90
2022-12-07 16:27:39,660,0.022444999999999996,84
2022-12-07 16:27:40,670,0.022111250000000002,98
2022-12-07 16:27:40,680,0.021779999999999994,91
2022-12-07 16:27:41,690,0.021451250000000005,95
2022-12-07 16:27:41,700,0.021125000000000005,86
2022-12-07 16:27:42,710,0.020801250000000004,99
2022-12-07 16:27:42,720,0.02048,89
2022-12-07 16:27:43,730,0.020161250000000002,88
2022-12-07 16:27:43,740,0.019845,84
2022-12-07 16:27:44,750,0.01953125,93
2022-12-07 16:27:44,760,0.01922,77
2022-12-07 16:27:45,770,0.01891125,85
2022-12-07 16:27:45,780,0.018605,91
2022-12-07 16:27:46,790,0.01830125,93
2022-12-07 16:27:46,800,0.018,84
2022-12-07 16:27:47,810,0.017701249999999998,87
2022-12-07 16:27:47,820,0.017405000000000004,86
2022-12-07 16:27:48,830,0.017111249999999998,93
2022-12-07 16:27:48,840,0.016820000000000005,93
2022-12-07 16:27:48,850,0.016531249999999997,98
2022-12-07 16:27:49,860,0.016245000000000006,88
2022-12-07 16:27:49,870,0.015961249999999996,92
2022-12-07 16:27:50,880,0.015680000000000003,92
2022-12-07 16:27:50,890,0.015401249999999998,92
2022-12-07 16:27:51,900,0.015125000000000003,93
2022-12-07 16:27:51,910,0.014851249999999996,94
2022-12-07 16:27:52,920,0.014580000000000003,94
2022-12-07 16:27:52,930,0.014311249999999996,88
2022-12-07 16:27:53,940,0.014045000000000002,87
2022-12-07 16:27:53,950,0.013781250000000002,83
2022-12-07 16:27:54,960,0.013520000000000003,91
2022-12-07 16:27:54,970,0.01326125,92
2022-12-07 16:27:55,980,0.013005000000000001,87
2022-12-07 16:27:55,990,0.01275125,87
2022-12-07 16:27:56,1000,0.0125,96
2022-12-07 16:27:56,1010,0.01225125,91
2022-12-07 16:27:57,1020,0.012005,86
2022-12-07 16:27:58,1030,0.011761250000000001,92
2022-12-07 16:27:58,1040,0.01152,91
2022-12-07 16:27:59,1050,0.01128125,96
2022-12-07 16:27:59,1060,0.011045,85
2022-12-07 16:28:00,1070,0.01081125,93
2022-12-07 16:28:00,1080,0.010579999999999999,84
2022-12-07 16:28:01,1090,0.01035125,95
2022-12-07 16:28:01,1100,0.010124999999999999,92
2022-12-07 16:28:02,1110,0.009901249999999999,82
2022-12-07 16:28:02,1120,0.00968,93
2022-12-07 16:28:03,1130,0.009461250000000004,88
2022-12-07 16:28:03,1140,0.009245000000000001,96
2022-12-07 16:28:04,1150,0.009031250000000003,93
2022-12-07 16:28:04,1160,0.008820000000000001,94
2022-12-07 16:28:04,1170,0.00861125,91
2022-12-07 16:28:05,1180,0.008405000000000001,96
2022-12-07 16:28:05,1190,0.008201250000000002,92
2022-12-07 16:28:06,1200,0.008000000000000002,93
2022-12-07 16:28:06,1210,0.007801250000000002,97
2022-12-07 16:28:07,1220,0.007605000000000001,92
2022-12-07 16:28:07,1230,0.00741125,81
2022-12-07 16:28:08,1240,0.007220000000000001,91
2022-12-07 16:28:08,1250,0.00703125,87
2022-12-07 16:28:09,1260,0.006845,93
2022-12-07 16:28:09,1270,0.00666125,87
2022-12-07 16:28:10,1280,0.00648,96
2022-12-07 16:28:10,1290,0.00630125,92
2022-12-07 16:28:11,1300,0.006124999999999999,91
2022-12-07 16:28:11,1310,0.005951249999999999,92
2022-12-07 16:28:12,1320,0.0057799999999999995,94
2022-12-07 16:28:12,1330,0.005611249999999999,98
2022-12-07 16:28:12,1340,0.0054449999999999985,96
2022-12-07 16:28:13,1350,0.005281249999999999,89
2022-12-07 16:28:13,1360,0.005119999999999999,97
2022-12-07 16:28:14,1370,0.004961249999999999,90
2022-12-07 16:28:15,1380,0.004805000000000002,90
2022-12-07 16:28:15,1390,0.004651250000000002,92
2022-12-07 16:28:16,1400,0.004500000000000001,80
2022-12-07 16:28:16,1410,0.004351250000000001,86
2022-12-07 16:28:17,1420,0.004205000000000001,97
2022-12-07 16:28:17,1430,0.0040612500000000015,92
2022-12-07 16:28:18,1440,0.003920000000000001,89
2022-12-07 16:28:18,1450,0.0037812500000000008,75
2022-12-07 16:28:18,1460,0.0036450000000000007,97
2022-12-07 16:28:19,1470,0.0035112500000000005,97
2022-12-07 16:28:19,1480,0.0033800000000000006,85
2022-12-07 16:28:20,1490,0.0032512500000000002,92
2022-12-07 16:28:20,1500,0.003125,90
2022-12-07 16:28:21,1510,0.00300125,97
2022-12-07 16:28:21,1520,0.00288,97
2022-12-07 16:28:22,1530,0.00276125,84
2022-12-07 16:28:22,1540,0.0026449999999999998,86
2022-12-07 16:28:23,1550,0.0025312499999999996,93
2022-12-07 16:28:23,1560,0.00242,98
2022-12-07 16:28:24,1570,0.0023112499999999995,89
2022-12-07 16:28:24,1580,0.0022049999999999995,94
2022-12-07 16:28:25,1590,0.0021012499999999994,87
2022-12-07 16:28:25,1600,0.001999999999999999,90
2022-12-07 16:28:26,1610,0.0019012499999999993,93
2022-12-07 16:28:26,1620,0.001804999999999999,93
2022-12-07 16:28:27,1630,0.001711250000000001,84
2022-12-07 16:28:27,1640,0.001620000000000001,88
2022-12-07 16:28:28,1650,0.001531250000000001,91
2022-12-07 16:28:28,1660,0.0014450000000000008,95
2022-12-07 16:28:29,1670,0.0013612500000000007,87
2022-12-07 16:28:29,1680,0.0012800000000000008,84
2022-12-07 16:28:30,1690,0.0012012500000000005,84
2022-12-07 16:28:30,1700,0.0011250000000000003,85
2022-12-07 16:28:31,1710,0.0010512500000000003,82
2022-12-07 16:28:31,1720,0.0009800000000000002,91
2022-12-07 16:28:31,1730,0.0009112500000000002,95
2022-12-07 16:28:32,1740,0.0008450000000000002,93
2022-12-07 16:28:33,1750,0.00078125,91
2022-12-07 16:28:33,1760,0.00072,97
2022-12-07 16:28:34,1770,0.0006612499999999999,88
2022-12-07 16:28:34,1780,0.000605,98
2022-12-07 16:28:34,1790,0.0005512499999999999,95
2022-12-07 16:28:35,1800,0.0004999999999999998,89
2022-12-07 16:28:35,1810,0.0004512499999999998,85
2022-12-07 16:28:36,1820,0.00040499999999999976,96
2022-12-07 16:28:36,1830,0.0003612499999999997,99
2022-12-07 16:28:37,1840,0.0003199999999999997,98
2022-12-07 16:28:37,1850,0.0002812499999999997,91
2022-12-07 16:28:37,1860,0.00024499999999999967,99
2022-12-07 16:28:38,1870,0.00021124999999999963,86
2022-12-07 16:28:38,1880,0.00018000000000000034,92
2022-12-07 16:28:39,1890,0.0001512500000000003,92
2022-12-07 16:28:39,1900,0.00012500000000000022,92
2022-12-07 16:28:40,1910,0.0001012500000000002,99
2022-12-07 16:28:40,1920,8.000000000000016e-05,89
2022-12-07 16:28:41,1930,6.12500000000001e-05,98
2022-12-07 16:28:41,1940,4.5000000000000084e-05,95
2022-12-07 16:28:42,1950,3.1250000000000055e-05,85
2022-12-07 16:28:42,1960,2.000000000000004e-05,91
2022-12-07 16:28:43,1970,1.1250000000000021e-05,98
2022-12-07 16:28:43,1980,5.00000000000001e-06,88
2022-12-07 16:28:44,1990,1.2500000000000024e-06,86
2022-12-07 16:28:44,2000,0,95
2022-12-07 16:30:51,10,0.04990005,95
2022-12-07 16:30:52,20,0.0498002,98
2022-12-07 16:30:52,30,0.04970045000000001,88
2022-12-07 16:30:52,40,0.0496008,85
2022-12-07 16:30:53,50,0.049501250000000004,90
2022-12-07 16:30:53,60,0.0494018,100
2022-12-07 16:30:54,70,0.04930245,98
2022-12-07 16:30:54,80,0.0492032,95
2022-12-07 16:30:55,90,0.04910405,87
2022-12-07 16:30:55,100,0.049005,94
2022-12-07 16:30:56,110,0.048906050000000006,97
2022-12-07 16:30:56,120,0.0488072,88
2022-12-07 16:30:57,130,0.04870845,91
2022-12-07 16:30:57,140,0.0486098,86
2022-12-07 16:30:58,150,0.048511250000000006,90
2022-12-07 16:30:58,160,0.048412800000000006,85
2022-12-07 16:30:59,170,0.04831445,79
2022-12-07 16:30:59,180,0.0482162,90
2022-12-07 16:31:00,190,0.04811805,87
2022-12-07 16:31:01,200,0.04802,88
2022-12-07 16:31:01,210,0.04792205,88
2022-12-07 16:31:02,220,0.047824200000000004,84
2022-12-07 16:31:02,230,0.047726450000000004,96
2022-12-07 16:31:02,240,0.0476288,87
2022-12-07 16:31:03,250,0.04753125,84
2022-12-07 16:31:03,260,0.0474338,88
2022-12-07 16:31:04,270,0.04733645,91
2022-12-07 16:31:05,280,0.0472392,81
2022-12-07 16:31:05,290,0.04714205,88
2022-12-07 16:31:05,300,0.047045000000000003,87
2022-12-07 16:31:06,310,0.04694805,92
2022-12-07 16:31:06,320,0.0468512,90
2022-12-07 16:31:07,330,0.04675445,86
2022-12-07 16:31:07,340,0.0466578,91
2022-12-07 16:31:08,350,0.04656125,83
2022-12-07 16:31:08,360,0.0464648,89
2022-12-07 16:31:09,370,0.04636845,96
2022-12-07 16:31:09,380,0.0462722,86
2022-12-07 16:31:10,390,0.046176049999999996,94
2022-12-07 16:31:10,400,0.04608,92
2022-12-07 16:31:11,410,0.04598405,95
2022-12-07 16:31:12,420,0.0458882,84
2022-12-07 16:31:12,430,0.04579245,92
2022-12-07 16:31:12,440,0.0456968,98
2022-12-07 16:31:13,450,0.04560125,95
2022-12-07 16:31:13,460,0.0455058,80
2022-12-07 16:31:14,470,0.04541045,92
2022-12-07 16:31:14,480,0.0453152,96
2022-12-07 16:31:15,490,0.04522005,93
2022-12-07 16:31:15,500,0.045125,94
2022-12-07 16:31:16,510,0.045030049999999995,91
2022-12-07 16:31:16,520,0.0449352,91
2022-12-07 16:31:17,530,0.04484045,84
2022-12-07 16:31:17,540,0.0447458,91
2022-12-07 16:31:18,550,0.04465125,86
2022-12-07 16:31:18,560,0.0445568,85
2022-12-07 16:31:19,570,0.04446245,91
2022-12-07 16:31:19,580,0.044368199999999997,91
2022-12-07 16:31:20,590,0.04427405000000001,97
2022-12-07 16:31:21,600,0.04418,79
2022-12-07 16:31:21,610,0.04408605000000001,85
2022-12-07 16:31:22,620,0.043992199999999995,85
2022-12-07 16:31:22,630,0.043898450000000006,90
2022-12-07 16:31:23,640,0.0438048,98
2022-12-07 16:31:23,650,0.04371125000000001,84
2022-12-07 16:31:24,660,0.0436178,91
2022-12-07 16:31:24,670,0.043524450000000006,83
2022-12-07 16:31:25,680,0.043431199999999996,80
2022-12-07 16:31:25,690,0.04333805000000001,86
2022-12-07 16:31:26,700,0.043245,88
2022-12-07 16:31:26,710,0.043152050000000004,85
2022-12-07 16:31:27,720,0.043059200000000006,84
2022-12-07 16:31:27,730,0.04296645000000001,88
2022-12-07 16:31:27,740,0.04287380000000001,85
2022-12-07 16:31:28,750,0.04278125000000001,94
2022-12-07 16:31:28,760,0.042688800000000006,96
2022-12-07 16:31:29,770,0.04259645000000001,100
2022-12-07 16:31:29,780,0.042504200000000006,89
2022-12-07 16:31:30,790,0.04241205000000001,85
2022-12-07 16:31:30,800,0.04232,85
2022-12-07 16:31:31,810,0.04222805000000001,93
2022-12-07 16:31:31,820,0.042136200000000006,87
2022-12-07 16:31:32,830,0.04204445000000001,90
2022-12-07 16:31:32,840,0.041952800000000005,84
2022-12-07 16:31:33,850,0.04186125000000001,94
2022-12-07 16:31:33,860,0.0417698,91
2022-12-07 16:31:34,870,0.041678450000000006,90
2022-12-07 16:31:34,880,0.041587200000000005,97
2022-12-07 16:31:35,890,0.04149605000000001,85
2022-12-07 16:31:36,900,0.041405000000000004,85
2022-12-07 16:31:36,910,0.041314050000000005,90
2022-12-07 16:31:37,920,0.04122320000000001,89
2022-12-07 16:31:37,930,0.04113245000000001,85
2022-12-07 16:31:38,940,0.0410418,95
2022-12-07 16:31:38,950,0.04095125,85
2022-12-07 16:31:39,960,0.0408608,93
2022-12-07 16:31:39,970,0.04077045000000001,94
2022-12-07 16:31:40,980,0.0406802,93
2022-12-07 16:31:40,990,0.04059005,90
2022-12-07 16:31:41,1000,0.04050000000000001,95
2022-12-07 16:31:41,1010,0.04041005,85
2022-12-07 16:31:42,1020,0.0403202,96
2022-12-07 16:31:43,1030,0.04023045,86
2022-12-07 16:31:43,1040,0.040140800000000004,93
2022-12-07 16:31:43,1050,0.040051250000000004,92
2022-12-07 16:31:44,1060,0.039961800000000006,91
2022-12-07 16:31:44,1070,0.039872450000000004,92
2022-12-07 16:31:45,1080,0.039783200000000005,88
2022-12-07 16:31:45,1090,0.03969405000000001,89
2022-12-07 16:31:46,1100,0.039605,83
2022-12-07 16:31:46,1110,0.039516050000000004,91
2022-12-07 16:31:47,1120,0.0394272,94
2022-12-07 16:31:47,1130,0.039338450000000004,94
2022-12-07 16:31:48,1140,0.0392498,83
2022-12-07 16:31:48,1150,0.03916125000000001,85
2022-12-07 16:31:49,1160,0.039072800000000005,85
2022-12-07 16:31:49,1170,0.038984450000000004,88
2022-12-07 16:31:50,1180,0.038896200000000006,89
2022-12-07 16:31:51,1190,0.038808050000000004,89
2022-12-07 16:31:51,1200,0.038720000000000004,89
2022-12-07 16:31:52,1210,0.03863205,84
2022-12-07 16:31:52,1220,0.0385442,84
2022-12-07 16:31:53,1230,0.03845645,87
2022-12-07 16:31:53,1240,0.0383688,93
2022-12-07 16:31:54,1250,0.03828125,90
2022-12-07 16:31:54,1260,0.0381938,89
2022-12-07 16:31:55,1270,0.03810645,93
2022-12-07 16:31:55,1280,0.0380192,96
2022-12-07 16:31:55,1290,0.03793205,88
2022-12-07 16:31:56,1300,0.037845000000000004,86
2022-12-07 16:31:57,1310,0.03775805,97
2022-12-07 16:31:57,1320,0.0376712,99
2022-12-07 16:31:58,1330,0.03758445,83
2022-12-07 16:31:58,1340,0.0374978,89
2022-12-07 16:31:58,1350,0.03741125,99
2022-12-07 16:31:59,1360,0.0373248,98
2022-12-07 16:31:59,1370,0.03723845,83
2022-12-07 16:32:00,1380,0.037152199999999996,93
2022-12-07 16:32:00,1390,0.03706605,98
2022-12-07 16:32:01,1400,0.03698,84
2022-12-07 16:32:01,1410,0.036894050000000005,84
2022-12-07 16:32:02,1420,0.0368082,94
2022-12-07 16:32:02,1430,0.036722450000000004,90
2022-12-07 16:32:03,1440,0.0366368,85
2022-12-07 16:32:03,1450,0.03655125,84
2022-12-07 16:32:04,1460,0.0364658,81
2022-12-07 16:32:05,1470,0.03638045,90
2022-12-07 16:32:05,1480,0.0362952,91
2022-12-07 16:32:06,1490,0.03621005,88
2022-12-07 16:32:06,1500,0.036125,96
2022-12-07 16:32:07,1510,0.03604005,91
2022-12-07 16:32:07,1520,0.0359552,85
2022-12-07 16:32:08,1530,0.03587045,92
2022-12-07 16:32:08,1540,0.0357858,93
2022-12-07 16:32:08,1550,0.03570125,89
2022-12-07 16:32:09,1560,0.0356168,90
2022-12-07 16:32:10,1570,0.03553245,85
2022-12-07 16:32:10,1580,0.0354482,88
2022-12-07 16:32:11,1590,0.03536405,88
2022-12-07 16:32:11,1600,0.03528,86
2022-12-07 16:32:11,1610,0.03519605,92
2022-12-07 16:32:12,1620,0.0351122,84
2022-12-07 16:32:13,1630,0.03502845,89
2022-12-07 16:32:13,1640,0.0349448,93
2022-12-07 16:32:14,1650,0.03486125,81
2022-12-07 16:32:14,1660,0.0347778,93
2022-12-07 16:32:15,1670,0.03469445,83
2022-12-07 16:32:15,1680,0.0346112,100
2022-12-07 16:32:15,1690,0.03452805,95
2022-12-07 16:32:16,1700,0.034444999999999996,85
2022-12-07 16:32:17,1710,0.03436205,83
2022-12-07 16:32:17,1720,0.0342792,79
2022-12-07 16:32:17,1730,0.034196449999999996,92
2022-12-07 16:32:18,1740,0.03411380000000001,83
2022-12-07 16:32:19,1750,0.03403125,91
2022-12-07 16:32:19,1760,0.03394880000000001,84
2022-12-07 16:32:20,1770,0.03386645,86
2022-12-07 16:32:20,1780,0.03378420000000001,87
2022-12-07 16:32:20,1790,0.03370205,87
2022-12-07 16:32:21,1800,0.033620000000000004,89
2022-12-07 16:32:22,1810,0.03353805,89
2022-12-07 16:32:22,1820,0.033456200000000005,99
2022-12-07 16:32:22,1830,0.03337444999999999,85
2022-12-07 16:32:23,1840,0.033292800000000004,86
2022-12-07 16:32:24,1850,0.03321125,83
2022-12-07 16:32:24,1860,0.03312980000000001,91
2022-12-07 16:32:25,1870,0.03304845,88
2022-12-07 16:32:25,1880,0.0329672,82
2022-12-07 16:32:26,1890,0.03288604999999999,88
2022-12-07 16:32:26,1900,0.03280500000000001,91
2022-12-07 16:32:27,1910,0.03272405,87
2022-12-07 16:32:27,1920,0.032643200000000004,99
2022-12-07 16:32:28,1930,0.03256244999999999,91
2022-12-07 16:32:28,1940,0.032481800000000005,91
2022-12-07 16:32:28,1950,0.03240124999999999,90
2022-12-07 16:32:29,1960,0.032320800000000004,92
2022-12-07 16:32:29,1970,0.03224045,89
2022-12-07 16:32:30,1980,0.03216020000000001,94
2022-12-07 16:32:30,1990,0.03208004999999999,97
2022-12-07 16:32:31,2000,0.03200000000000001,86
2022-12-07 16:32:31,2010,0.03192005,94
2022-12-07 16:32:32,2020,0.031840200000000006,92
2022-12-07 16:32:32,2030,0.031760449999999996,97
2022-12-07 16:32:33,2040,0.0316808,96
2022-12-07 16:32:33,2050,0.031601250000000004,94
2022-12-07 16:32:34,2060,0.03152180000000001,91
2022-12-07 16:32:34,2070,0.031442450000000004,92
2022-12-07 16:32:35,2080,0.0313632,94
2022-12-07 16:32:35,2090,0.03128405,81
2022-12-07 16:32:36,2100,0.031205000000000007,91
2022-12-07 16:32:36,2110,0.031126050000000006,92
2022-12-07 16:32:37,2120,0.031047200000000004,99
2022-12-07 16:32:37,2130,0.030968450000000005,95
2022-12-07 16:32:38,2140,0.030889800000000002,87
2022-12-07 16:32:38,2150,0.030811250000000002,94
2022-12-07 16:32:39,2160,0.030732800000000005,89
2022-12-07 16:32:39,2170,0.03065445,97
2022-12-07 16:32:40,2180,0.030576200000000005,89
2022-12-07 16:32:40,2190,0.030498050000000006,85
2022-12-07 16:32:41,2200,0.030420000000000003,89
2022-12-07 16:32:41,2210,0.030342050000000006,77
2022-12-07 16:32:42,2220,0.030264200000000005,89
2022-12-07 16:32:42,2230,0.030186450000000004,94
2022-12-07 16:32:43,2240,0.030108800000000005,91
2022-12-07 16:32:43,2250,0.030031250000000006,93
2022-12-07 16:32:44,2260,0.029953800000000003,91
2022-12-07 16:32:44,2270,0.02987645,94
2022-12-07 16:32:45,2280,0.029799200000000005,93
2022-12-07 16:32:45,2290,0.02972205,89
2022-12-07 16:32:45,2300,0.029645,94
2022-12-07 16:32:46,2310,0.029568050000000002,84
2022-12-07 16:32:47,2320,0.029491200000000002,92
2022-12-07 16:32:47,2330,0.029414450000000005,90
2022-12-07 16:32:47,2340,0.029337800000000004,84
2022-12-07 16:32:48,2350,0.029261250000000003,90
2022-12-07 16:32:48,2360,0.0291848,93
2022-12-07 16:32:49,2370,0.029108450000000004,94
2022-12-07 16:32:49,2380,0.029032200000000005,93
2022-12-07 16:32:50,2390,0.02895605,86
2022-12-07 16:32:50,2400,0.028880000000000003,91
2022-12-07 16:32:51,2410,0.028804050000000005,98
2022-12-07 16:32:51,2420,0.0287282,95
2022-12-07 16:32:52,2430,0.028652450000000003,92
2022-12-07 16:32:52,2440,0.028576800000000003,88
2022-12-07 16:32:52,2450,0.028501250000000002,91
2022-12-07 16:32:53,2460,0.0284258,91
2022-12-07 16:32:53,2470,0.02835045,89
2022-12-07 16:32:54,2480,0.0282752,93
2022-12-07 16:32:54,2490,0.02820005,93
2022-12-07 16:32:55,2500,0.028125,93
2022-12-07 16:32:55,2510,0.02805005,98
2022-12-07 16:32:56,2520,0.027975200000000002,90
2022-12-07 16:32:56,2530,0.02790045,95
2022-12-07 16:32:56,2540,0.0278258,86
2022-12-07 16:32:57,2550,0.02775125,99
2022-12-07 16:32:57,2560,0.0276768,93
2022-12-07 16:32:58,2570,0.02760245,93
2022-12-07 16:32:58,2580,0.0275282,98
2022-12-07 16:32:59,2590,0.027454050000000004,96
2022-12-07 16:32:59,2600,0.02738,90
2022-12-07 16:33:00,2610,0.02730605,92
2022-12-07 16:33:00,2620,0.0272322,91
2022-12-07 16:33:01,2630,0.02715845,91
2022-12-07 16:33:01,2640,0.0270848,96
2022-12-07 16:33:02,2650,0.02701125,84
2022-12-07 16:33:02,2660,0.0269378,94
2022-12-07 16:33:02,2670,0.02686445,92
2022-12-07 16:33:03,2680,0.0267912,92
2022-12-07 16:33:03,2690,0.02671805,79
2022-12-07 16:33:04,2700,0.026645,87
2022-12-07 16:33:04,2710,0.02657205,88
2022-12-07 16:33:05,2720,0.0264992,85
2022-12-07 16:33:05,2730,0.026426449999999997,83
2022-12-07 16:33:06,2740,0.0263538,98
2022-12-07 16:33:06,2750,0.026281250000000003,92
2022-12-07 16:33:07,2760,0.0262088,94
2022-12-07 16:33:07,2770,0.026136450000000002,90
2022-12-07 16:33:08,2780,0.0260642,98
2022-12-07 16:33:08,2790,0.025992050000000003,84
2022-12-07 16:33:09,2800,0.02592,92
2022-12-07 16:33:09,2810,0.02584805,92
2022-12-07 16:33:10,2820,0.0257762,93
2022-12-07 16:33:10,2830,0.025704450000000007,94
2022-12-07 16:33:11,2840,0.0256328,84
2022-12-07 16:33:11,2850,0.025561250000000008,96
2022-12-07 16:33:12,2860,0.025489799999999996,92
2022-12-07 16:33:12,2870,0.025418450000000006,83
2022-12-07 16:33:13,2880,0.0253472,94
2022-12-07 16:33:13,2890,0.025276050000000008,85
2022-12-07 16:33:14,2900,0.025205,84
2022-12-07 16:33:15,2910,0.02513405000000001,73
2022-12-07 16:33:15,2920,0.025063199999999997,96
2022-12-07 16:33:15,2930,0.024992450000000006,96
2022-12-07 16:33:16,2940,0.024921799999999997,94
2022-12-07 16:33:16,2950,0.024851250000000005,87
2022-12-07 16:33:17,2960,0.0247808,79
2022-12-07 16:33:17,2970,0.02471045000000001,98
2022-12-07 16:33:18,2980,0.0246402,87
2022-12-07 16:33:18,2990,0.024570050000000006,88
2022-12-07 16:33:19,3000,0.024499999999999997,96
2022-12-07 16:33:19,3010,0.02443005000000001,92
2022-12-07 16:33:20,3020,0.0243602,87
2022-12-07 16:33:20,3030,0.024290450000000005,94
2022-12-07 16:33:21,3040,0.0242208,93
2022-12-07 16:33:21,3050,0.024151250000000006,91
2022-12-07 16:33:22,3060,0.0240818,93
2022-12-07 16:33:22,3070,0.024012450000000005,84
2022-12-07 16:33:23,3080,0.023943199999999998,93
2022-12-07 16:33:23,3090,0.023874050000000008,83
2022-12-07 16:33:24,3100,0.023804999999999996,82
2022-12-07 16:33:24,3110,0.023736050000000005,95
2022-12-07 16:33:25,3120,0.0236672,92
2022-12-07 16:33:25,3130,0.023598450000000007,95
2022-12-07 16:33:26,3140,0.023529799999999997,79
2022-12-07 16:33:26,3150,0.023461250000000003,97
2022-12-07 16:33:26,3160,0.0233928,91
2022-12-07 16:33:27,3170,0.023324450000000004,93
2022-12-07 16:33:27,3180,0.023256199999999998,89
2022-12-07 16:33:28,3190,0.023188050000000005,89
2022-12-07 16:33:28,3200,0.023119999999999998,94
2022-12-07 16:33:29,3210,0.023052050000000004,96
2022-12-07 16:33:29,3220,0.022984199999999996,83
2022-12-07 16:33:30,3230,0.022916450000000005,90
2022-12-07 16:33:30,3240,0.0228488,97
2022-12-07 16:33:31,3250,0.022781250000000003,83
2022-12-07 16:33:31,3260,0.022713799999999996,94
2022-12-07 16:33:32,3270,0.022646450000000005,94
2022-12-07 16:33:32,3280,0.022579199999999997,97
2022-12-07 16:33:32,3290,0.022512050000000006,90
2022-12-07 16:33:33,3300,0.022444999999999996,86
2022-12-07 16:33:33,3310,0.022378050000000003,92
2022-12-07 16:33:34,3320,0.022311199999999996,93
2022-12-07 16:33:34,3330,0.022244450000000002,82
2022-12-07 16:33:35,3340,0.022177799999999998,86
2022-12-07 16:33:35,3350,0.022111250000000002,92
2022-12-07 16:33:36,3360,0.022044799999999996,90
2022-12-07 16:33:36,3370,0.021978450000000004,92
2022-12-07 16:33:37,3380,0.021912199999999996,-110
2022-12-07 16:33:37,3390,0.021846050000000006,99
2022-12-07 16:33:38,3400,0.021779999999999994,88
2022-12-07 16:33:38,3410,0.021714050000000002,91
2022-12-07 16:33:39,3420,0.021648199999999996,91
2022-12-07 16:33:39,3430,0.021582450000000003,86
2022-12-07 16:33:40,3440,0.021516800000000003,93
2022-12-07 16:33:40,3450,0.021451250000000005,87
2022-12-07 16:33:41,3460,0.021385800000000003,87
2022-12-07 16:33:41,3470,0.021320450000000005,90
2022-12-07 16:33:42,3480,0.021255200000000002,92
2022-12-07 16:33:42,3490,0.021190050000000002,98
2022-12-07 16:33:43,3500,0.021125000000000005,84
2022-12-07 16:33:43,3510,0.021060050000000004,94
2022-12-07 16:33:44,3520,0.020995200000000002,91
2022-12-07 16:33:44,3530,0.020930450000000003,88
2022-12-07 16:33:45,3540,0.020865800000000004,84
2022-12-07 16:33:45,3550,0.020801250000000004,89
2022-12-07 16:33:46,3560,0.020736800000000003,88
2022-12-07 16:33:46,3570,0.020672450000000002,94
2022-12-07 16:33:47,3580,0.020608200000000004,92
2022-12-07 16:33:47,3590,0.02054405,97
2022-12-07 16:33:48,3600,0.02048,86
2022-12-07 16:33:48,3610,0.02041605,89
2022-12-07 16:33:49,3620,0.0203522,92
2022-12-07 16:33:49,3630,0.02028845,85
2022-12-07 16:33:50,3640,0.0202248,89
2022-12-07 16:33:50,3650,0.020161250000000002,92
2022-12-07 16:33:51,3660,0.020097800000000002,98
2022-12-07 16:33:51,3670,0.020034450000000002,88
2022-12-07 16:33:52,3680,0.0199712,95
2022-12-07 16:33:52,3690,0.01990805,92
2022-12-07 16:33:53,3700,0.019845,93
2022-12-07 16:33:53,3710,0.019782050000000002,94
2022-12-07 16:33:54,3720,0.019719200000000003,91
2022-12-07 16:33:54,3730,0.019656450000000002,90
2022-12-07 16:33:54,3740,0.0195938,94
2022-12-07 16:33:55,3750,0.01953125,98
2022-12-07 16:33:55,3760,0.0194688,83
2022-12-07 16:33:56,3770,0.019406450000000002,92
2022-12-07 16:33:56,3780,0.019344200000000002,91
2022-12-07 16:33:57,3790,0.019282050000000002,82
2022-12-07 16:33:57,3800,0.01922,98
2022-12-07 16:33:58,3810,0.01915805,85
2022-12-07 16:33:58,3820,0.0190962,85
2022-12-07 16:33:59,3830,0.01903445,92
2022-12-07 16:33:59,3840,0.0189728,90
2022-12-07 16:34:00,3850,0.01891125,89
2022-12-07 16:34:00,3860,0.0188498,96
2022-12-07 16:34:01,3870,0.018788449999999998,93
2022-12-07 16:34:01,3880,0.0187272,96
2022-12-07 16:34:02,3890,0.01866605,86
2022-12-07 16:34:03,3900,0.018605,85
2022-12-07 16:34:03,3910,0.01854405,97
2022-12-07 16:34:04,3920,0.0184832,84
2022-12-07 16:34:04,3930,0.01842245,85
2022-12-07 16:34:04,3940,0.0183618,84
2022-12-07 16:34:05,3950,0.01830125,85
2022-12-07 16:34:05,3960,0.018240799999999998,91
2022-12-07 16:34:06,3970,0.018180449999999997,92
2022-12-07 16:34:06,3980,0.0181202,97
2022-12-07 16:34:07,3990,0.01806005,94
2022-12-07 16:34:07,4000,0.018,98
2022-12-07 16:34:08,4010,0.01794005,94
2022-12-07 16:34:08,4020,0.0178802,94
2022-12-07 16:34:09,4030,0.017820449999999998,95
2022-12-07 16:34:09,4040,0.0177608,83
2022-12-07 16:34:10,4050,0.017701249999999998,97
2022-12-07 16:34:10,4060,0.0176418,85
2022-12-07 16:34:11,4070,0.01758245,96
2022-12-07 16:34:11,4080,0.017523200000000006,91
2022-12-07 16:34:12,4090,0.01746405,83
2022-12-07 16:34:12,4100,0.017405000000000004,91
2022-12-07 16:34:13,4110,0.01734605,91
2022-12-07 16:34:13,4120,0.017287200000000006,91
2022-12-07 16:34:14,4130,0.01722845,93
2022-12-07 16:34:14,4140,0.017169800000000006,88
2022-12-07 16:34:14,4150,0.017111249999999998,87
2022-12-07 16:34:15,4160,0.017052800000000003,91
2022-12-07 16:34:16,4170,0.016994449999999998,93
2022-12-07 16:34:16,4180,0.016936200000000005,93
2022-12-07 16:34:17,4190,0.01687805,90
2022-12-07 16:34:17,4200,0.016820000000000005,86
2022-12-07 16:34:17,4210,0.016762049999999997,84
2022-12-07 16:34:18,4220,0.016704200000000006,97
2022-12-07 16:34:18,4230,0.01664645,90
2022-12-07 16:34:19,4240,0.016588800000000004,95
2022-12-07 16:34:19,4250,0.016531249999999997,90
2022-12-07 16:34:20,4260,0.016473800000000007,94
2022-12-07 16:34:20,4270,0.016416449999999996,90
2022-12-07 16:34:21,4280,0.016359200000000004,87
2022-12-07 16:34:21,4290,0.01630205,91
2022-12-07 16:34:22,4300,0.016245000000000006,85
2022-12-07 16:34:22,4310,0.01618805,90
2022-12-07 16:34:23,4320,0.016131200000000005,90
2022-12-07 16:34:23,4330,0.01607445,90
2022-12-07 16:34:24,4340,0.016017800000000006,93
2022-12-07 16:34:24,4350,0.015961249999999996,93
2022-12-07 16:34:25,4360,0.015904800000000004,92
2022-12-07 16:34:25,4370,0.015848449999999997,93
2022-12-07 16:34:26,4380,0.015792200000000003,84
2022-12-07 16:34:26,4390,0.015736049999999998,95
2022-12-07 16:34:27,4400,0.015680000000000003,92
2022-12-07 16:34:27,4410,0.015624049999999999,85
2022-12-07 16:34:28,4420,0.015568200000000004,85
2022-12-07 16:34:28,4430,0.015512449999999997,92
2022-12-07 16:34:28,4440,0.015456800000000005,88
2022-12-07 16:34:29,4450,0.015401249999999998,96
2022-12-07 16:34:29,4460,0.015345800000000005,97
2022-12-07 16:34:30,4470,0.015290449999999997,87
2022-12-07 16:34:30,4480,0.015235200000000003,98
2022-12-07 16:34:31,4490,0.015180049999999999,95
2022-12-07 16:34:31,4500,0.015125000000000003,95
2022-12-07 16:34:32,4510,0.015070049999999996,86
2022-12-07 16:34:32,4520,0.015015200000000005,91
2022-12-07 16:34:33,4530,0.014960449999999998,90
2022-12-07 16:34:33,4540,0.014905800000000004,93
2022-12-07 16:34:34,4550,0.014851249999999996,92
2022-12-07 16:34:34,4560,0.014796800000000002,91
2022-12-07 16:34:35,4570,0.014742449999999997,91
2022-12-07 16:34:35,4580,0.014688200000000002,88
2022-12-07 16:34:36,4590,0.014634049999999996,88
2022-12-07 16:34:36,4600,0.014580000000000003,93
2022-12-07 16:34:37,4610,0.014526049999999997,91
2022-12-07 16:34:37,4620,0.014472200000000003,94
2022-12-07 16:34:38,4630,0.014418449999999998,91
2022-12-07 16:34:38,4640,0.014364800000000004,92
2022-12-07 16:34:39,4650,0.014311249999999996,100
2022-12-07 16:34:39,4660,0.014257800000000001,85
2022-12-07 16:34:40,4670,0.014204449999999997,94
2022-12-07 16:34:40,4680,0.014151200000000003,94
2022-12-07 16:34:41,4690,0.01409805,85
2022-12-07 16:34:41,4700,0.014045000000000002,96
2022-12-07 16:34:42,4710,0.01399205,97
2022-12-07 16:34:42,4720,0.013939200000000002,99
2022-12-07 16:34:43,4730,0.013886450000000002,77
2022-12-07 16:34:43,4740,0.013833800000000002,82
2022-12-07 16:34:44,4750,0.013781250000000002,96
2022-12-07 16:34:44,4760,0.013728800000000003,88
2022-12-07 16:34:45,4770,0.013676450000000001,89
2022-12-07 16:34:45,4780,0.013624200000000001,85
2022-12-07 16:34:46,4790,0.013572050000000002,85
2022-12-07 16:34:46,4800,0.013520000000000003,96
2022-12-07 16:34:47,4810,0.013468050000000002,90
2022-12-07 16:34:47,4820,0.013416200000000001,89
2022-12-07 16:34:48,4830,0.01336445,94
2022-12-07 16:34:48,4840,0.0133128,97
2022-12-07 16:34:49,4850,0.01326125,84
2022-12-07 16:34:49,4860,0.0132098,89
2022-12-07 16:34:49,4870,0.01315845,98
2022-12-07 16:34:50,4880,0.0131072,96
2022-12-07 16:34:50,4890,0.01305605,84
2022-12-07 16:34:51,4900,0.013005000000000001,90
2022-12-07 16:34:51,4910,0.012954050000000002,87
2022-12-07 16:34:52,4920,0.012903200000000002,97
2022-12-07 16:34:53,4930,0.012852450000000001,81
2022-12-07 16:34:53,4940,0.0128018,89
2022-12-07 16:34:54,4950,0.01275125,92
2022-12-07 16:34:54,4960,0.012700800000000002,93
2022-12-07 16:34:54,4970,0.01265045,90
2022-12-07 16:34:55,4980,0.0126002,86
2022-12-07 16:34:55,4990,0.01255005,95
2022-12-07 16:34:56,5000,0.0125,84
2022-12-07 16:34:56,5010,0.01245005,91
2022-12-07 16:34:57,5020,0.0124002,95
2022-12-07 16:34:57,5030,0.01235045,88
2022-12-07 16:34:58,5040,0.0123008,93
2022-12-07 16:34:58,5050,0.01225125,81
2022-12-07 16:34:59,5060,0.0122018,92
2022-12-07 16:34:59,5070,0.01215245,92
2022-12-07 16:35:00,5080,0.012103200000000001,96
2022-12-07 16:35:00,5090,0.01205405,93
2022-12-07 16:35:01,5100,0.012005,95
2022-12-07 16:35:01,5110,0.011956050000000001,88
2022-12-07 16:35:02,5120,0.0119072,85
2022-12-07 16:35:02,5130,0.01185845,92
2022-12-07 16:35:03,5140,0.0118098,93
2022-12-07 16:35:03,5150,0.011761250000000001,91
2022-12-07 16:35:04,5160,0.0117128,99
2022-12-07 16:35:04,5170,0.01166445,93
2022-12-07 16:35:05,5180,0.0116162,86
2022-12-07 16:35:05,5190,0.01156805,89
2022-12-07 16:35:06,5200,0.01152,88
2022-12-07 16:35:06,5210,0.01147205,82
2022-12-07 16:35:07,5220,0.0114242,89
2022-12-07 16:35:07,5230,0.01137645,90
2022-12-07 16:35:08,5240,0.0113288,87
2022-12-07 16:35:08,5250,0.01128125,90
2022-12-07 16:35:09,5260,0.0112338,98
2022-12-07 16:35:09,5270,0.01118645,86
2022-12-07 16:35:10,5280,0.0111392,93
2022-12-07 16:35:10,5290,0.011092049999999999,91
2022-12-07 16:35:11,5300,0.011045,98
2022-12-07 16:35:11,5310,0.010998049999999999,94
2022-12-07 16:35:12,5320,0.0109512,98
2022-12-07 16:35:12,5330,0.01090445,88
2022-12-07 16:35:13,5340,0.010857799999999999,90
2022-12-07 16:35:13,5350,0.01081125,90
2022-12-07 16:35:14,5360,0.010764799999999998,89
2022-12-07 16:35:14,5370,0.01071845,95
2022-12-07 16:35:15,5380,0.0106722,89
2022-12-07 16:35:15,5390,0.010626049999999998,99
2022-12-07 16:35:15,5400,0.010579999999999999,93
2022-12-07 16:35:16,5410,0.01053405,98
2022-12-07 16:35:16,5420,0.0104882,84
2022-12-07 16:35:17,5430,0.010442449999999999,92
2022-12-07 16:35:17,5440,0.010396799999999998,87
2022-12-07 16:35:18,5450,0.01035125,94
2022-12-07 16:35:18,5460,0.010305799999999999,98
2022-12-07 16:35:19,5470,0.010260449999999999,94
2022-12-07 16:35:19,5480,0.010215199999999999,86
2022-12-07 16:35:20,5490,0.01017005,83
2022-12-07 16:35:20,5500,0.010124999999999999,87
2022-12-07 16:35:21,5510,0.010080049999999998,92
2022-12-07 16:35:21,5520,0.0100352,96
2022-12-07 16:35:22,5530,0.009990449999999998,98
2022-12-07 16:35:22,5540,0.009945799999999998,92
2022-12-07 16:35:23,5550,0.009901249999999999,83
2022-12-07 16:35:23,5560,0.009856799999999999,94
2022-12-07 16:35:23,5570,0.009812449999999999,94
2022-12-07 16:35:24,5580,0.009768199999999998,96
2022-12-07 16:35:24,5590,0.009724049999999998,92
2022-12-07 16:35:25,5600,0.00968,94
2022-12-07 16:35:25,5610,0.009636049999999998,93
2022-12-07 16:35:26,5620,0.009592199999999999,94
2022-12-07 16:35:26,5630,0.009548450000000003,94
2022-12-07 16:35:27,5640,0.009504800000000002,84
2022-12-07 16:35:27,5650,0.009461250000000004,88
2022-12-07 16:35:28,5660,0.009417800000000004,97
2022-12-07 16:35:28,5670,0.009374450000000003,90
2022-12-07 16:35:29,5680,0.009331200000000003,97
2022-12-07 16:35:29,5690,0.009288050000000003,91
2022-12-07 16:35:30,5700,0.009245000000000001,82
2022-12-07 16:35:30,5710,0.009202050000000002,91
2022-12-07 16:35:31,5720,0.009159200000000003,94
2022-12-07 16:35:31,5730,0.009116450000000003,90
2022-12-07 16:35:32,5740,0.009073800000000002,95
2022-12-07 16:35:32,5750,0.009031250000000003,96
2022-12-07 16:35:33,5760,0.008988800000000003,96
2022-12-07 16:35:33,5770,0.008946450000000002,97
2022-12-07 16:35:33,5780,0.008904200000000003,85
2022-12-07 16:35:34,5790,0.008862050000000002,92
2022-12-07 16:35:34,5800,0.008820000000000001,93
2022-12-07 16:35:35,5810,0.00877805,89
2022-12-07 16:35:35,5820,0.008736200000000001,87
2022-12-07 16:35:36,5830,0.008694450000000003,92
2022-12-07 16:35:36,5840,0.008652800000000002,96
2022-12-07 16:35:36,5850,0.00861125,93
2022-12-07 16:35:37,5860,0.0085698,85
2022-12-07 16:35:38,5870,0.008528450000000002,92
2022-12-07 16:35:38,5880,0.008487200000000002,91
2022-12-07 16:35:38,5890,0.008446050000000002,97
2022-12-07 16:35:39,5900,0.008405000000000001,92
2022-12-07 16:35:39,5910,0.008364050000000001,86
2022-12-07 16:35:40,5920,0.008323200000000001,93
2022-12-07 16:35:40,5930,0.008282450000000002,91
2022-12-07 16:35:41,5940,0.0082418,92
2022-12-07 16:35:41,5950,0.008201250000000002,87
2022-12-07 16:35:42,5960,0.008160800000000001,92
2022-12-07 16:35:42,5970,0.008120450000000001,95
2022-12-07 16:35:43,5980,0.008080200000000001,96
2022-12-07 16:35:43,5990,0.008040050000000002,94
2022-12-07 16:35:43,6000,0.008000000000000002,93
2022-12-07 16:35:44,6010,0.007960050000000001,94
2022-12-07 16:35:45,6020,0.0079202,89
2022-12-07 16:35:45,6030,0.007880450000000002,85
2022-12-07 16:35:46,6040,0.0078408,91
2022-12-07 16:35:46,6050,0.007801250000000002,93
2022-12-07 16:35:47,6060,0.007761800000000001,87
2022-12-07 16:35:47,6070,0.0077224500000000005,92
2022-12-07 16:35:48,6080,0.007683200000000001,91
2022-12-07 16:35:48,6090,0.007644050000000001,87
2022-12-07 16:35:49,6100,0.007605000000000001,98
2022-12-07 16:35:49,6110,0.007566050000000001,99
2022-12-07 16:35:49,6120,0.007527200000000001,90
2022-12-07 16:35:50,6130,0.007488450000000001,92
2022-12-07 16:35:50,6140,0.007449800000000001,85
2022-12-07 16:35:51,6150,0.00741125,89
2022-12-07 16:35:52,6160,0.0073728000000000005,83
2022-12-07 16:35:52,6170,0.007334450000000001,94
2022-12-07 16:35:52,6180,0.0072962,91
2022-12-07 16:35:53,6190,0.007258050000000001,94
2022-12-07 16:35:53,6200,0.007220000000000001,97
2022-12-07 16:35:54,6210,0.00718205,98
2022-12-07 16:35:54,6220,0.007144200000000001,95
2022-12-07 16:35:55,6230,0.00710645,91
2022-12-07 16:35:55,6240,0.0070688,93
2022-12-07 16:35:56,6250,0.00703125,86
2022-12-07 16:35:56,6260,0.0069938000000000005,92
2022-12-07 16:35:57,6270,0.00695645,93
2022-12-07 16:35:57,6280,0.0069192,95
2022-12-07 16:35:58,6290,0.00688205,90
2022-12-07 16:35:59,6300,0.006845,88
2022-12-07 16:35:59,6310,0.00680805,95
2022-12-07 16:35:59,6320,0.0067712,97
2022-12-07 16:36:00,6330,0.00673445,92
2022-12-07 16:36:00,6340,0.0066978,86
2022-12-07 16:36:01,6350,0.00666125,95
2022-12-07 16:36:01,6360,0.0066248,89
2022-12-07 16:36:02,6370,0.00658845,92
2022-12-07 16:36:02,6380,0.0065522,91
2022-12-07 16:36:03,6390,0.00651605,86
2022-12-07 16:36:03,6400,0.00648,98
2022-12-07 16:36:04,6410,0.00644405,88
2022-12-07 16:36:04,6420,0.0064082,87
2022-12-07 16:36:05,6430,0.006372449999999999,93
2022-12-07 16:36:05,6440,0.0063368,81
2022-12-07 16:36:06,6450,0.00630125,98
2022-12-07 16:36:06,6460,0.006265799999999999,89
2022-12-07 16:36:07,6470,0.006230449999999999,90
2022-12-07 16:36:07,6480,0.0061952,93
2022-12-07 16:36:08,6490,0.00616005,92
2022-12-07 16:36:08,6500,0.006124999999999999,88
2022-12-07 16:36:09,6510,0.00609005,89
2022-12-07 16:36:09,6520,0.0060552,92
2022-12-07 16:36:10,6530,0.00602045,89
2022-12-07 16:36:10,6540,0.0059857999999999995,94
2022-12-07 16:36:11,6550,0.005951249999999999,86
2022-12-07 16:36:11,6560,0.0059168,91
2022-12-07 16:36:12,6570,0.005882449999999999,89
2022-12-07 16:36:12,6580,0.0058482,92
2022-12-07 16:36:13,6590,0.005814049999999999,88
2022-12-07 16:36:13,6600,0.0057799999999999995,98
2022-12-07 16:36:14,6610,0.005746049999999999,83
2022-12-07 16:36:14,6620,0.0057122,99
2022-12-07 16:36:15,6630,0.005678449999999999,98
2022-12-07 16:36:15,6640,0.005644799999999999,94
2022-12-07 16:36:16,6650,0.005611249999999999,92
2022-12-07 16:36:16,6660,0.005577799999999999,95
2022-12-07 16:36:16,6670,0.005544449999999999,94
2022-12-07 16:36:17,6680,0.005511199999999999,83
2022-12-07 16:36:17,6690,0.005478049999999999,93
2022-12-07 16:36:18,6700,0.0054449999999999985,97
2022-12-07 16:36:18,6710,0.005412049999999999,92
2022-12-07 16:36:19,6720,0.005379199999999999,98
2022-12-07 16:36:19,6730,0.005346449999999999,94
2022-12-07 16:36:20,6740,0.005313799999999999,83
2022-12-07 16:36:20,6750,0.005281249999999999,83
2022-12-07 16:36:20,6760,0.005248799999999999,85
2022-12-07 16:36:21,6770,0.005216449999999998,92
2022-12-07 16:36:21,6780,0.005184199999999999,93
2022-12-07 16:36:22,6790,0.005152049999999998,87
2022-12-07 16:36:22,6800,0.005119999999999999,99
2022-12-07 16:36:23,6810,0.0050880499999999985,91
2022-12-07 16:36:23,6820,0.0050561999999999985,91
2022-12-07 16:36:24,6830,0.005024449999999999,89
2022-12-07 16:36:24,6840,0.004992799999999999,93
2022-12-07 16:36:25,6850,0.004961249999999999,84
2022-12-07 16:36:25,6860,0.004929799999999998,91
2022-12-07 16:36:26,6870,0.004898449999999999,89
2022-12-07 16:36:26,6880,0.004867200000000002,89
2022-12-07 16:36:27,6890,0.0048360500000000015,90
2022-12-07 16:36:27,6900,0.004805000000000002,89
2022-12-07 16:36:28,6910,0.004774050000000002,86
2022-12-07 16:36:28,6920,0.004743200000000002,94
2022-12-07 16:36:29,6930,0.004712450000000002,81
2022-12-07 16:36:29,6940,0.004681800000000002,89
2022-12-07 16:36:30,6950,0.004651250000000002,84
2022-12-07 16:36:30,6960,0.004620800000000001,84
2022-12-07 16:36:31,6970,0.004590450000000002,93
2022-12-07 16:36:31,6980,0.004560200000000001,97
2022-12-07 16:36:32,6990,0.004530050000000002,90
2022-12-07 16:36:32,7000,0.004500000000000001,89
2022-12-07 16:36:33,7010,0.0044700500000000015,82
2022-12-07 16:36:33,7020,0.004440200000000001,99
2022-12-07 16:36:34,7030,0.0044104500000000015,87
2022-12-07 16:36:34,7040,0.0043808000000000015,93
2022-12-07 16:36:34,7050,0.004351250000000001,91
2022-12-07 16:36:35,7060,0.0043218000000000015,88
2022-12-07 16:36:35,7070,0.0042924500000000015,92
2022-12-07 16:36:36,7080,0.004263200000000001,89
2022-12-07 16:36:36,7090,0.004234050000000001,92
2022-12-07 16:36:37,7100,0.004205000000000001,91
2022-12-07 16:36:37,7110,0.0041760500000000015,95
2022-12-07 16:36:38,7120,0.004147200000000001,89
2022-12-07 16:36:38,7130,0.004118450000000002,80
2022-12-07 16:36:39,7140,0.004089800000000001,96
2022-12-07 16:36:39,7150,0.0040612500000000015,89
2022-12-07 16:36:40,7160,0.004032800000000001,97
2022-12-07 16:36:40,7170,0.004004450000000001,96
2022-12-07 16:36:41,7180,0.003976200000000001,98
2022-12-07 16:36:41,7190,0.003948050000000001,99
2022-12-07 16:36:41,7200,0.003920000000000001,85
2022-12-07 16:36:42,7210,0.003892050000000001,97
2022-12-07 16:36:42,7220,0.0038642000000000012,91
2022-12-07 16:36:43,7230,0.0038364500000000012,89
2022-12-07 16:36:43,7240,0.0038088000000000006,93
2022-12-07 16:36:44,7250,0.0037812500000000008,88
2022-12-07 16:36:44,7260,0.003753800000000001,85
2022-12-07 16:36:45,7270,0.003726450000000001,92
2022-12-07 16:36:45,7280,0.0036992000000000006,84
2022-12-07 16:36:45,7290,0.0036720500000000005,93
2022-12-07 16:36:46,7300,0.0036450000000000007,95
2022-12-07 16:36:46,7310,0.0036180500000000007,96
2022-12-07 16:36:47,7320,0.003591200000000001,86
2022-12-07 16:36:47,7330,0.0035644500000000003,94
2022-12-07 16:36:48,7340,0.0035378000000000007,85
2022-12-07 16:36:48,7350,0.0035112500000000005,98
2022-12-07 16:36:49,7360,0.0034848000000000006,89
2022-12-07 16:36:49,7370,0.0034584500000000005,98
2022-12-07 16:36:50,7380,0.0034322000000000007,91
2022-12-07 16:36:50,7390,0.0034060500000000003,85
2022-12-07 16:36:50,7400,0.0033800000000000006,88
2022-12-07 16:36:51,7410,0.0033540500000000003,93
2022-12-07 16:36:51,7420,0.0033282,86
2022-12-07 16:36:52,7430,0.00330245,89
2022-12-07 16:36:52,7440,0.0032768,90
2022-12-07 16:36:53,7450,0.0032512500000000002,85
2022-12-07 16:36:53,7460,0.0032258000000000005,100
2022-12-07 16:36:54,7470,0.00320045,85
2022-12-07 16:36:54,7480,0.0031752000000000004,89
2022-12-07 16:36:55,7490,0.00315005,97
2022-12-07 16:36:55,7500,0.003125,96
2022-12-07 16:36:56,7510,0.00310005,87
2022-12-07 16:36:56,7520,0.0030752,93
2022-12-07 16:36:57,7530,0.00305045,91
2022-12-07 16:36:57,7540,0.0030258000000000004,84
2022-12-07 16:36:58,7550,0.00300125,92
2022-12-07 16:36:58,7560,0.0029768,93
2022-12-07 16:36:58,7570,0.00295245,86
2022-12-07 16:36:59,7580,0.0029282,90
2022-12-07 16:36:59,7590,0.00290405,97
2022-12-07 16:37:00,7600,0.00288,97
2022-12-07 16:37:00,7610,0.00285605,86
2022-12-07 16:37:01,7620,0.0028322,86
2022-12-07 16:37:01,7630,0.00280845,90
2022-12-07 16:37:02,7640,0.0027848,92
2022-12-07 16:37:02,7650,0.00276125,84
2022-12-07 16:37:03,7660,0.0027378,87
2022-12-07 16:37:03,7670,0.0027144499999999998,86
2022-12-07 16:37:04,7680,0.0026911999999999995,94
2022-12-07 16:37:04,7690,0.00266805,94
2022-12-07 16:37:05,7700,0.0026449999999999998,91
2022-12-07 16:37:05,7710,0.00262205,96
2022-12-07 16:37:06,7720,0.0025991999999999994,91
2022-12-07 16:37:06,7730,0.0025764499999999997,93
2022-12-07 16:37:07,7740,0.0025537999999999997,94
2022-12-07 16:37:07,7750,0.0025312499999999996,97
2022-12-07 16:37:08,7760,0.0025088,86
2022-12-07 16:37:08,7770,0.0024864499999999994,87
2022-12-07 16:37:09,7780,0.0024641999999999997,92
2022-12-07 16:37:09,7790,0.0024420499999999994,99
2022-12-07 16:37:10,7800,0.00242,94
2022-12-07 16:37:10,7810,0.0023980499999999997,98
2022-12-07 16:37:10,7820,0.0023761999999999998,95
2022-12-07 16:37:11,7830,0.0023544499999999993,92
2022-12-07 16:37:11,7840,0.0023327999999999995,97
2022-12-07 16:37:12,7850,0.0023112499999999995,91
2022-12-07 16:37:12,7860,0.0022897999999999994,97
2022-12-07 16:37:13,7870,0.0022684499999999995,93
2022-12-07 16:37:13,7880,0.002247199999999999,89
2022-12-07 16:37:14,7890,0.0022260499999999994,92
2022-12-07 16:37:14,7900,0.0022049999999999995,88
2022-12-07 16:37:15,7910,0.0021840499999999994,93
2022-12-07 16:37:15,7920,0.0021631999999999992,92
2022-12-07 16:37:16,7930,0.0021424499999999993,91
2022-12-07 16:37:16,7940,0.002121799999999999,94
2022-12-07 16:37:17,7950,0.0021012499999999994,83
2022-12-07 16:37:17,7960,0.0020807999999999994,93
2022-12-07 16:37:18,7970,0.0020604499999999993,90
2022-12-07 16:37:18,7980,0.0020401999999999994,89
2022-12-07 16:37:19,7990,0.0020200499999999994,93
2022-12-07 16:37:19,8000,0.001999999999999999,85
2022-12-07 16:37:20,8010,0.0019800499999999993,91
2022-12-07 16:37:20,8020,0.001960199999999999,84
2022-12-07 16:37:21,8030,0.0019404499999999992,94
2022-12-07 16:37:21,8040,0.001920799999999999,93
2022-12-07 16:37:21,8050,0.0019012499999999993,84
2022-12-07 16:37:22,8060,0.0018817999999999992,90
2022-12-07 16:37:22,8070,0.0018624499999999992,85
2022-12-07 16:37:23,8080,0.001843199999999999,86
2022-12-07 16:37:23,8090,0.001824049999999999,94
2022-12-07 16:37:24,8100,0.001804999999999999,92
2022-12-07 16:37:24,8110,0.001786049999999999,88
2022-12-07 16:37:25,8120,0.0017671999999999992,96
2022-12-07 16:37:25,8130,0.0017484500000000012,92
2022-12-07 16:37:26,8140,0.0017298000000000012,90
2022-12-07 16:37:26,8150,0.001711250000000001,88
2022-12-07 16:37:27,8160,0.001692800000000001,97
2022-12-07 16:37:27,8170,0.001674450000000001,87
2022-12-07 16:37:28,8180,0.0016562000000000011,91
2022-12-07 16:37:28,8190,0.0016380500000000011,93
2022-12-07 16:37:29,8200,0.001620000000000001,89
2022-12-07 16:37:29,8210,0.0016020500000000007,91
2022-12-07 16:37:29,8220,0.0015842000000000009,98
2022-12-07 16:37:30,8230,0.001566450000000001,86
2022-12-07 16:37:30,8240,0.001548800000000001,92
2022-12-07 16:37:31,8250,0.001531250000000001,96
2022-12-07 16:37:31,8260,0.001513800000000001,87
2022-12-07 16:37:32,8270,0.0014964500000000007,92
2022-12-07 16:37:32,8280,0.0014792000000000008,85
2022-12-07 16:37:33,8290,0.0014620500000000008,89
2022-12-07 16:37:33,8300,0.0014450000000000008,91
2022-12-07 16:37:34,8310,0.0014280500000000008,93
2022-12-07 16:37:34,8320,0.0014112000000000007,91
2022-12-07 16:37:35,8330,0.0013944500000000006,90
2022-12-07 16:37:35,8340,0.0013778000000000006,84
2022-12-07 16:37:36,8350,0.0013612500000000007,96
2022-12-07 16:37:36,8360,0.0013448000000000006,92
2022-12-07 16:37:37,8370,0.0013284500000000006,92
2022-12-07 16:37:37,8380,0.0013122000000000006,84
2022-12-07 16:37:38,8390,0.0012960500000000006,88
2022-12-07 16:37:38,8400,0.0012800000000000008,99
2022-12-07 16:37:39,8410,0.0012640500000000005,92
2022-12-07 16:37:39,8420,0.0012482000000000005,94
2022-12-07 16:37:40,8430,0.0012324500000000004,87
2022-12-07 16:37:40,8440,0.0012168000000000005,100
2022-12-07 16:37:41,8450,0.0012012500000000005,83
2022-12-07 16:37:41,8460,0.0011858000000000005,97
2022-12-07 16:37:41,8470,0.0011704500000000004,91
2022-12-07 16:37:42,8480,0.0011552000000000003,97
2022-12-07 16:37:42,8490,0.0011400500000000003,89
2022-12-07 16:37:43,8500,0.0011250000000000003,86
2022-12-07 16:37:43,8510,0.0011100500000000002,98
2022-12-07 16:37:44,8520,0.0010952000000000004,95
2022-12-07 16:37:44,8530,0.0010804500000000004,92
2022-12-07 16:37:45,8540,0.0010658000000000002,99
2022-12-07 16:37:45,8550,0.0010512500000000003,89
2022-12-07 16:37:46,8560,0.0010368000000000003,92
2022-12-07 16:37:46,8570,0.0010224500000000003,83
2022-12-07 16:37:47,8580,0.0010082000000000003,80
2022-12-07 16:37:47,8590,0.0009940500000000002,93
2022-12-07 16:37:48,8600,0.0009800000000000002,83
2022-12-07 16:37:48,8610,0.0009660500000000003,87
2022-12-07 16:37:49,8620,0.0009522000000000002,89
2022-12-07 16:37:49,8630,0.0009384500000000003,92
2022-12-07 16:37:50,8640,0.0009248000000000001,89
2022-12-07 16:37:50,8650,0.0009112500000000002,92
2022-12-07 16:37:51,8660,0.0008978000000000002,94
2022-12-07 16:37:51,8670,0.0008844500000000002,86
2022-12-07 16:37:52,8680,0.0008712000000000001,89
2022-12-07 16:37:52,8690,0.0008580500000000002,83
2022-12-07 16:37:53,8700,0.0008450000000000002,97
2022-12-07 16:37:53,8710,0.00083205,95
2022-12-07 16:37:53,8720,0.0008192,89
2022-12-07 16:37:54,8730,0.0008064500000000001,98
2022-12-07 16:37:54,8740,0.0007938000000000001,86
2022-12-07 16:37:55,8750,0.00078125,93
2022-12-07 16:37:55,8760,0.0007688,97
2022-12-07 16:37:56,8770,0.0007564500000000001,87
2022-12-07 16:37:56,8780,0.0007442,86
2022-12-07 16:37:57,8790,0.00073205,99
2022-12-07 16:37:57,8800,0.00072,98
2022-12-07 16:37:58,8810,0.00070805,83
2022-12-07 16:37:58,8820,0.0006962,94
2022-12-07 16:37:59,8830,0.00068445,99
2022-12-07 16:37:59,8840,0.0006727999999999999,90
2022-12-07 16:38:00,8850,0.0006612499999999999,89
2022-12-07 16:38:00,8860,0.0006497999999999999,91
2022-12-07 16:38:01,8870,0.0006384499999999999,86
2022-12-07 16:38:01,8880,0.0006272,92
2022-12-07 16:38:02,8890,0.0006160499999999999,93
2022-12-07 16:38:02,8900,0.000605,90
2022-12-07 16:38:03,8910,0.0005940499999999999,87
2022-12-07 16:38:03,8920,0.0005831999999999999,94
2022-12-07 16:38:04,8930,0.0005724499999999998,87
2022-12-07 16:38:04,8940,0.0005617999999999998,88
2022-12-07 16:38:05,8950,0.0005512499999999999,94
2022-12-07 16:38:05,8960,0.0005407999999999998,86
2022-12-07 16:38:06,8970,0.0005304499999999998,97
2022-12-07 16:38:06,8980,0.0005201999999999999,84
2022-12-07 16:38:07,8990,0.0005100499999999998,92
2022-12-07 16:38:07,9000,0.0004999999999999998,91
2022-12-07 16:38:07,9010,0.0004900499999999998,92
2022-12-07 16:38:08,9020,0.00048019999999999975,87
2022-12-07 16:38:08,9030,0.0004704499999999998,86
2022-12-07 16:38:09,9040,0.00046079999999999976,92
2022-12-07 16:38:09,9050,0.0004512499999999998,88
2022-12-07 16:38:10,9060,0.0004417999999999998,95
2022-12-07 16:38:10,9070,0.0004324499999999998,94
2022-12-07 16:38:11,9080,0.0004231999999999997,94
2022-12-07 16:38:11,9090,0.0004140499999999998,94
2022-12-07 16:38:12,9100,0.00040499999999999976,94
2022-12-07 16:38:12,9110,0.00039604999999999973,93
2022-12-07 16:38:13,9120,0.0003871999999999997,84
2022-12-07 16:38:13,9130,0.00037844999999999974,98
2022-12-07 16:38:13,9140,0.0003697999999999997,92
2022-12-07 16:38:14,9150,0.0003612499999999997,94
2022-12-07 16:38:14,9160,0.0003527999999999997,90
2022-12-07 16:38:15,9170,0.0003444499999999997,91
2022-12-07 16:38:15,9180,0.0003361999999999997,89
2022-12-07 16:38:16,9190,0.0003280499999999997,94
2022-12-07 16:38:16,9200,0.0003199999999999997,93
2022-12-07 16:38:17,9210,0.0003120499999999997,85
2022-12-07 16:38:17,9220,0.0003041999999999997,95
2022-12-07 16:38:18,9230,0.0002964499999999997,93
2022-12-07 16:38:18,9240,0.0002887999999999997,96
2022-12-07 16:38:19,9250,0.0002812499999999997,92
2022-12-07 16:38:19,9260,0.00027379999999999966,97
2022-12-07 16:38:20,9270,0.0002664499999999997,98
2022-12-07 16:38:20,9280,0.0002591999999999997,93
2022-12-07 16:38:21,9290,0.0002520499999999997,87
2022-12-07 16:38:21,9300,0.00024499999999999967,93
2022-12-07 16:38:22,9310,0.0002380499999999997,97
2022-12-07 16:38:22,9320,0.00023119999999999966,94
2022-12-07 16:38:23,9330,0.00022444999999999966,90
2022-12-07 16:38:23,9340,0.00021779999999999966,90
2022-12-07 16:38:24,9350,0.00021124999999999963,94
2022-12-07 16:38:24,9360,0.00020479999999999967,84
2022-12-07 16:38:25,9370,0.00019844999999999967,85
2022-12-07 16:38:25,9380,0.00019220000000000033,91
2022-12-07 16:38:26,9390,0.00018605000000000032,94
2022-12-07 16:38:26,9400,0.00018000000000000034,87
2022-12-07 16:38:27,9410,0.00017405000000000033,89
2022-12-07 16:38:27,9420,0.0001682000000000003,86
2022-12-07 16:38:27,9430,0.0001624500000000003,93
2022-12-07 16:38:28,9440,0.0001568000000000003,96
2022-12-07 16:38:29,9450,0.0001512500000000003,93
2022-12-07 16:38:29,9460,0.00014580000000000026,89
2022-12-07 16:38:30,9470,0.00014045000000000027,91
2022-12-07 16:38:30,9480,0.00013520000000000025,95
2022-12-07 16:38:31,9490,0.00013005000000000023,87
2022-12-07 16:38:31,9500,0.00012500000000000022,85
2022-12-07 16:38:31,9510,0.00012005000000000022,96
2022-12-07 16:38:32,9520,0.0001152000000000002,91
2022-12-07 16:38:32,9530,0.0001104500000000002,85
2022-12-07 16:38:33,9540,0.00010580000000000019,91
2022-12-07 16:38:33,9550,0.0001012500000000002,90
2022-12-07 16:38:34,9560,9.680000000000018e-05,93
2022-12-07 16:38:34,9570,9.245000000000016e-05,94
2022-12-07 16:38:35,9580,8.820000000000017e-05,97
2022-12-07 16:38:35,9590,8.405000000000016e-05,89
2022-12-07 16:38:35,9600,8.000000000000016e-05,99
2022-12-07 16:38:36,9610,7.605000000000014e-05,89
2022-12-07 16:38:36,9620,7.220000000000013e-05,95
2022-12-07 16:38:37,9630,6.845000000000012e-05,95
2022-12-07 16:38:37,9640,6.480000000000011e-05,97
2022-12-07 16:38:38,9650,6.12500000000001e-05,90
2022-12-07 16:38:38,9660,5.7800000000000104e-05,92
2022-12-07 16:38:39,9670,5.44500000000001e-05,93
2022-12-07 16:38:39,9680,5.12000000000001e-05,98
2022-12-07 16:38:40,9690,4.8050000000000084e-05,99
2022-12-07 16:38:40,9700,4.5000000000000084e-05,91
2022-12-07 16:38:41,9710,4.2050000000000073e-05,85
2022-12-07 16:38:41,9720,3.920000000000007e-05,87
2022-12-07 16:38:42,9730,3.6450000000000066e-05,94
2022-12-07 16:38:42,9740,3.380000000000006e-05,90
2022-12-07 16:38:43,9750,3.1250000000000055e-05,91
2022-12-07 16:38:43,9760,2.880000000000005e-05,95
2022-12-07 16:38:44,9770,2.6450000000000047e-05,89
2022-12-07 16:38:44,9780,2.4200000000000046e-05,92
2022-12-07 16:38:44,9790,2.205000000000004e-05,83
2022-12-07 16:38:45,9800,2.000000000000004e-05,92
2022-12-07 16:38:45,9810,1.8050000000000032e-05,92
2022-12-07 16:38:46,9820,1.6200000000000028e-05,90
2022-12-07 16:38:46,9830,1.4450000000000026e-05,94
2022-12-07 16:38:47,9840,1.2800000000000025e-05,85
2022-12-07 16:38:47,9850,1.1250000000000021e-05,93
2022-12-07 16:38:48,9860,9.800000000000018e-06,86
2022-12-07 16:38:48,9870,8.450000000000016e-06,87
2022-12-07 16:38:49,9880,7.200000000000012e-06,98
2022-12-07 16:38:49,9890,6.0500000000000115e-06,86
2022-12-07 16:38:50,9900,5.00000000000001e-06,88
2022-12-07 16:38:50,9910,4.050000000000007e-06,91
2022-12-07 16:38:51,9920,3.200000000000006e-06,83
2022-12-07 16:38:51,9930,2.4500000000000045e-06,90
2022-12-07 16:38:52,9940,1.800000000000003e-06,95
2022-12-07 16:38:52,9950,1.2500000000000024e-06,93
2022-12-07 16:38:53,9960,8.000000000000016e-07,86
2022-12-07 16:38:53,9970,4.500000000000008e-07,92
2022-12-07 16:38:54,9980,2.000000000000004e-07,92
2022-12-07 16:38:54,9990,5.00000000000001e-08,96
2022-12-07 16:38:55,10000,0,84
